claim_id,case_id,subject,relation,object,disease,direction,mandatory_qualifiers,pmid,nct_id,graph_records_sharing_drug_and_pmid,graph_record_ids,graph_disease_values,graph_direction_values,graph_setting_labels,dimensions_with_differing_values,reviewer_decision,reviewer_notes
K1-C1,PILOT-K1-FGFR2-iCCA,FGFR2 fusion/rearrangement,predicts sensitivity/response to,pemigatinib,intrahepatic cholangiocarcinoma,supports,Previously treated locally advanced/metastatic or surgically unresectable disease; progression after ≥1 prior treatment; ECOG 0–2; no prior selective FGFR inhibitor.,32203698,NCT02924376,1,evidence:8173,cholangiolocellular carcinoma,supports,insufficient_context,disease,,
K1-C2,PILOT-K1-FGFR2-iCCA,FGFR2 fusion/rearrangement,predicts sensitivity/response to,futibatinib,intrahepatic cholangiocarcinoma,supports,Unresectable/metastatic disease; progression after ≥1 prior systemic line; prior FGFR inhibitors excluded in FOENIX-CCA2.,36652354,NCT02052778,0,,,,,variant_profile; disease; source,,
A2-C1,PILOT-A2-ALK-G1202R,ALK G1202R,is an acquired on-target resistance alteration after,second-generation ALK inhibitors,ALK-positive NSCLC,supports,Advanced ALK-positive NSCLC progressing after second-generation ALK inhibition.,27432227,,3,evidence:100002; evidence:100003; evidence:100004,non-small cell lung cancer,supports,post_progression_t790m,,,
A2-C2,PILOT-A2-ALK-G1202R,ALK G1202R/del,is associated with clinical activity of,lorlatinib,advanced ALK-positive NSCLC,supports,Pretreated advanced disease; ALK mutation detected in plasma or tissue; evidence includes patients with G1202R/del.,30892989,NCT01970865,1,evidence:100000,non-small cell lung cancer,supports,post_progression_t790m,,,
A2-C3,PILOT-A2-ALK-G1202R,ALK G1202R plus an additional ALK kinase-domain mutation,can confer resistance to,lorlatinib,ALK-positive lung cancer,supports,Compound mutations selected during sequential ALK inhibition; example G1202R/L1196M.,29650534,,1,evidence:100002,non-small cell lung cancer,supports,post_progression_t790m,variant_profile; disease; source,,
C1-C1,PILOT-C1-EGFR-L858R-CONTEXT,EGFR L858R or exon 19 deletion,predicts benefit from first-line,osimertinib,advanced NSCLC,supports,"Previously untreated, EGFR-mutated advanced NSCLC; first-line; L858R or exon 19 deletion.",29151359,NCT02296125,0,,,,,source,,
C1-C2,PILOT-C1-EGFR-L858R-CONTEXT,EGFR L858R or exon 19 deletion,predicts benefit from adjuvant,osimertinib,completely resected stage IB–IIIA NSCLC,supports,Complete resection; stage IB–IIIA; adjuvant setting; with or without prior adjuvant chemotherapy.,32955177,NCT02511106,1,evidence:11219,lung non-small cell carcinoma,supports,adjuvant_resected,,,
C1-C3,PILOT-C1-EGFR-L858R-CONTEXT,EGFR T790M after prior EGFR-TKI progression,predicts benefit from,osimertinib,advanced NSCLC,supports,T790M-positive disease; progression during/after first-line EGFR-TKI; post-progression setting.,27959700,NCT02151981,3,evidence:11598; evidence:11599; evidence:1867,lung non-small cell carcinoma,supports,post_progression_t790m,,,
N1-C0,PILOT-N1-RMI2-SNAPSHOT,RMI2 alteration,has a verified therapeutic association with,any drug,frozen project snapshot,does_not_assert,Nessun percorso verificato gene→evidenza clinica→farmaco nel benchmark snapshot-defined; da confermare salvando la query.,,,0,,,,,,,
