Gene	Alteration(s)	Cancer Type	Drug(s)	Companion Diagnostic Device	Specimen Types(s)	Platform Type
IDH1	R132C, R132G, R132H, R132L, R132S	Acute Myeloid Leukemia	Ivosidenib	Abbott RealTime IDH1  (Abbott Molecular, Inc.)	Bone marrow, Peripheral Blood	PCR
IDH1	R132C, R132G, R132H, R132L, R132S	Myelodysplastic Syndromes	Ivosidenib	Abbott RealTime IDH1  (Abbott Molecular, Inc.)	Bone marrow, Peripheral Blood	PCR
IDH1	R132C, R132G, R132H, R132L, R132S	Acute Myeloid Leukemia	Olutasidenib	Abbott RealTime IDH1  (Abbott Molecular, Inc.)	Bone marrow, Peripheral Blood	PCR
IDH2	R140G, R140L, R140Q, R140W, R172G, R172K, R172M, R172S, R172W	Acute Myeloid Leukemia	Enasidenib	Abbott RealTime IDH2  (Abbott Molecular, Inc.)	Bone marrow, Peripheral Blood	PCR
KRAS	G12C	Non-Small Cell Lung Cancer	Adagrasib	Agilent Resolution ctDx FIRST assay  (Resolution Bioscience, Inc.)	cfDNA from plasma	NGS
BRCA1	Oncogenic Mutations	Ovarian Cancer, Ovary/Fallopian Tube, Peritoneal Serous Carcinoma	Olaparib	BRACAnalysis CDx  (Myriad Genetic Laboratories, Inc.)	Whole blood	PCR and Sanger sequencing
BRCA2	Oncogenic Mutations	Ovarian Cancer, Ovary/Fallopian Tube, Peritoneal Serous Carcinoma	Olaparib	BRACAnalysis CDx  (Myriad Genetic Laboratories, Inc.)	Whole blood	PCR and Sanger sequencing
BRCA1	Oncogenic Mutations	Ovarian Cancer, Ovary/Fallopian Tube, Peritoneal Serous Carcinoma	Rucaparib	BRACAnalysis CDx  (Myriad Genetic Laboratories, Inc.)	Whole blood	PCR and Sanger sequencing
BRCA2	Oncogenic Mutations	Ovarian Cancer, Ovary/Fallopian Tube, Peritoneal Serous Carcinoma	Rucaparib	BRACAnalysis CDx  (Myriad Genetic Laboratories, Inc.)	Whole blood	PCR and Sanger sequencing
BRCA1	Oncogenic Mutations	Prostate Cancer, Prostate Cancer	Olaparib	BRACAnalysis CDx  (Myriad Genetic Laboratories, Inc.)	Whole blood	PCR and Sanger sequencing
BRCA2	Oncogenic Mutations	Prostate Cancer, Prostate Cancer	Olaparib	BRACAnalysis CDx  (Myriad Genetic Laboratories, Inc.)	Whole blood	PCR and Sanger sequencing
BRAF	V600E	Melanoma	Vemurafenib	cobas 4800 BRAF V600 Mutation Test  (Roche Molecular Systems, Inc.)	FFPE	PCR
BRAF	V600E, V600K	Melanoma	Vemurafenib+Cobimetinib	cobas 4800 BRAF V600 Mutation Test  (Roche Molecular Systems, Inc.)	FFPE	PCR
EGFR	Exon 19 in-frame deletions, L858R	Non-Small Cell Lung Cancer	Erlotinib	cobas EGFR Mutation Test v1  (Roche Molecular Systems, Inc.)	FFPE	PCR
EGFR	T790M	Non-Small Cell Lung Cancer	Osimertinib	cobas EGFR Mutation Test v2  (Roche Molecular Systems, Inc.)	FFPE	PCR
EGFR	Exon 19 in-frame deletions, L858R	Non-Small Cell Lung Cancer	Osimertinib	cobas EGFR Mutation Test v2  (Roche Molecular Systems, Inc.)	FFPE	PCR
EGFR	Exon 19 in-frame deletions, L858R	Non-Small Cell Lung Cancer	Osimertinib	cobas EGFR Mutation Test v2  (Roche Molecular Systems, Inc.)	FFPE	PCR
EGFR	Exon 19 in-frame deletions, L858R	Non-Small Cell Lung Cancer	Gefitinib	cobas EGFR Mutation Test v2  (Roche Molecular Systems, Inc.)	FFPE	PCR
EGFR	Exon 19 in-frame deletions, L858R	Non-Small Cell Lung Cancer	Gefitinib	cobas EGFR Mutation Test v2  (Roche Molecular Systems, Inc.)	FFPE	PCR
EGFR	Exon 19 in-frame deletions, L858R	Non-Small Cell Lung Cancer	Erlotinib	cobas EGFR Mutation Test v2  (Roche Molecular Systems, Inc.)	FFPE	PCR
EGFR	Exon 19 in-frame deletions, L858R	Non-Small Cell Lung Cancer	Afatinib	cobas EGFR Mutation Test v2  (Roche Molecular Systems, Inc.)	FFPE	PCR
EGFR	Exon 19 in-frame deletions, L858R	Non-Small Cell Lung Cancer	Osimertinib	cobas EGFR Mutation Test v2  (Roche Molecular Systems, Inc.)	FFPE	PCR
EGFR	T790M	Non-Small Cell Lung Cancer	Osimertinib	cobas EGFR Mutation Test v2  (Roche Molecular Systems, Inc.)	FFPE	PCR
EGFR	Exon 19 in-frame deletions, L858R	Non-Small Cell Lung Cancer	Erlotinib	cobas EGFR Mutation Test v2  (Roche Molecular Systems, Inc.)	FFPE	PCR
EZH2	A682G, A692V, Y646C, Y646F, Y646H, Y646N, Y646S	Follicular Lymphoma	Tazemetostat	cobas EZH2 Mutation Test  (Roche Molecular Systems, Inc.)	FFPE	PCR
KRAS	Wildtype	Colorectal Cancer	Cetuximab,Cetuximab+Chemotherapy	cobas KRAS Mutation Test  (Roche Molecular Systems, Inc.)	FFPE	PCR
KRAS	Wildtype	Colorectal Cancer	Panitumumab,Panitumumab+Chemotherapy	cobas KRAS Mutation Test  (Roche Molecular Systems, Inc.)	FFPE	PCR
KRAS	Wildtype	Colorectal Cancer	Panitumumab,Panitumumab+Chemotherapy	CRCDx RAS Mutation Detection Assay Kit  (EntroGen, Inc.)	FFPE	PCR
NRAS	Wildtype	Colorectal Cancer	Panitumumab,Panitumumab+Chemotherapy	CRCDx RAS Mutation Detection Assay Kit  (EntroGen, Inc.)	FFPE	PCR
BRCA1	Oncogenic Mutations	Ovarian Cancer, Ovary/Fallopian Tube, Peritoneal Serous Carcinoma	Rucaparib	FoundationFocus CDxBRCA Assay  (Foundation Medicine, Inc.)	FFPE	NGS
BRCA2	Oncogenic Mutations	Ovarian Cancer, Ovary/Fallopian Tube, Peritoneal Serous Carcinoma	Rucaparib	FoundationFocus CDxBRCA Assay  (Foundation Medicine, Inc.)	FFPE	NGS
BRCA1	Oncogenic Mutations	Ovarian Cancer, Ovary/Fallopian Tube, Peritoneal Serous Carcinoma	Olaparib	FoundationOne CDx  (Foundation Medicine, Inc.)	FFPE	NGS
BRCA2	Oncogenic Mutations	Ovarian Cancer, Ovary/Fallopian Tube, Peritoneal Serous Carcinoma	Olaparib	FoundationOne CDx  (Foundation Medicine, Inc.)	FFPE	NGS
EGFR	Exon 19 in-frame deletions, L858R	Non-Small Cell Lung Cancer	Gefitinib	FoundationOne CDx  (Foundation Medicine, Inc.)	FFPE	NGS
EGFR	Exon 19 in-frame deletions, L858R	Non-Small Cell Lung Cancer	Afatinib	FoundationOne CDx  (Foundation Medicine, Inc.)	FFPE	NGS
ERBB2	Amplification	Breast Cancer	Ado-Trastuzumab Emtansine	FoundationOne CDx  (Foundation Medicine, Inc.)	FFPE	NGS
BRAF	V600E, V600K	Melanoma	Trametinib	FoundationOne CDx  (Foundation Medicine, Inc.)	FFPE	NGS
EGFR	Exon 19 in-frame deletions, L858R	Non-Small Cell Lung Cancer	Erlotinib	FoundationOne CDx  (Foundation Medicine, Inc.)	FFPE	NGS
EGFR	T790M	Non-Small Cell Lung Cancer	Osimertinib	FoundationOne CDx  (Foundation Medicine, Inc.)	FFPE	NGS
ALK	Fusions	Non-Small Cell Lung Cancer	Alectinib	FoundationOne CDx  (Foundation Medicine, Inc.)	FFPE	NGS
ERBB2	Amplification	Breast Cancer	Trastuzumab+Pertuzumab+Chemotherapy	FoundationOne CDx  (Foundation Medicine, Inc.)	FFPE	NGS
ALK	Fusions	Non-Small Cell Lung Cancer	Crizotinib	FoundationOne CDx  (Foundation Medicine, Inc.)	FFPE	NGS
KRAS	Wildtype	Colorectal Cancer	Panitumumab,Panitumumab+Chemotherapy	FoundationOne CDx  (Foundation Medicine, Inc.)	FFPE	NGS
ALK	Fusions	Non-Small Cell Lung Cancer	Ceritinib	FoundationOne CDx  (Foundation Medicine, Inc.)	FFPE	NGS
KRAS	Wildtype	Colorectal Cancer	Cetuximab,Cetuximab+Chemotherapy	FoundationOne CDx  (Foundation Medicine, Inc.)	FFPE	NGS
NRAS	Wildtype	Colorectal Cancer	Panitumumab,Panitumumab+Chemotherapy	FoundationOne CDx  (Foundation Medicine, Inc.)	FFPE	NGS
BRAF	V600E	Non-Small Cell Lung Cancer	Dabrafenib+Trametinib	FoundationOne CDx  (Foundation Medicine, Inc.)	FFPE	NGS
ERBB2	Amplification	Breast Cancer	Trastuzumab,Trastuzumab+Chemotherapy	FoundationOne CDx  (Foundation Medicine, Inc.)	FFPE	NGS
BRAF	V600E	Non-Small Cell Lung Cancer	Encorafenib+Binimetinib	FoundationOne CDx  (Foundation Medicine, Inc.)	FFPE	NGS
MET	963_1010del, 963_1010splice, D1010, Exon 14 Deletion	Non-Small Cell Lung Cancer	Capmatinib	FoundationOne CDx  (Foundation Medicine, Inc.)	FFPE	NGS
PIK3CA	C420R, E542K, E545A, E545D, E545G, E545K, H1047L, H1047R, H1047Y, Q546E, Q546R	Breast Cancer	Alpelisib+Fulvestrant	FoundationOne CDx  (Foundation Medicine, Inc.)	FFPE	NGS
EGFR	Exon 19 in-frame deletions, L858R	Non-Small Cell Lung Cancer	Osimertinib	FoundationOne CDx  (Foundation Medicine, Inc.)	FFPE	NGS
BRAF	V600	Low-Grade Glioma, NOS	Tovorafenib	FoundationOne CDx  (Foundation Medicine, Inc.)	FFPE	NGS
BRAF	Fusions	Low-Grade Glioma, NOS	Tovorafenib	FoundationOne CDx  (Foundation Medicine, Inc.)	FFPE	NGS
BRCA1	Oncogenic Mutations	Prostate Cancer	Olaparib+Abiraterone+Prednisone	FoundationOne CDx  (Foundation Medicine, Inc.)	FFPE	NGS
BRCA2	Oncogenic Mutations	Prostate Cancer	Olaparib+Abiraterone+Prednisone	FoundationOne CDx  (Foundation Medicine, Inc.)	FFPE	NGS
FGFR2	Fusions	Cholangiocarcinoma	Pemigatinib	FoundationOne CDx  (Foundation Medicine, Inc.)	FFPE	NGS
ATM	Oncogenic Mutations	Prostate Cancer, Prostate Cancer	Olaparib	FoundationOne CDx  (Foundation Medicine, Inc.)	FFPE	NGS
BARD1	Oncogenic Mutations	Prostate Cancer, Prostate Cancer	Olaparib	FoundationOne CDx  (Foundation Medicine, Inc.)	FFPE	NGS
PALB2	Oncogenic Mutations	Prostate Cancer, Prostate Cancer	Olaparib	FoundationOne CDx  (Foundation Medicine, Inc.)	FFPE	NGS
RAD51B	Oncogenic Mutations	Prostate Cancer, Prostate Cancer	Olaparib	FoundationOne CDx  (Foundation Medicine, Inc.)	FFPE	NGS
BRCA1	Oncogenic Mutations	Prostate Cancer, Prostate Cancer	Olaparib	FoundationOne CDx  (Foundation Medicine, Inc.)	FFPE	NGS
BRCA2	Oncogenic Mutations	Prostate Cancer, Prostate Cancer	Olaparib	FoundationOne CDx  (Foundation Medicine, Inc.)	FFPE	NGS
BRIP1	Oncogenic Mutations	Prostate Cancer, Prostate Cancer	Olaparib	FoundationOne CDx  (Foundation Medicine, Inc.)	FFPE	NGS
CDK12	Oncogenic Mutations	Prostate Cancer, Prostate Cancer	Olaparib	FoundationOne CDx  (Foundation Medicine, Inc.)	FFPE	NGS
CHEK1	Oncogenic Mutations	Prostate Cancer, Prostate Cancer	Olaparib	FoundationOne CDx  (Foundation Medicine, Inc.)	FFPE	NGS
CHEK2	Oncogenic Mutations	Prostate Cancer, Prostate Cancer	Olaparib	FoundationOne CDx  (Foundation Medicine, Inc.)	FFPE	NGS
RAD51D	Oncogenic Mutations	Prostate Cancer, Prostate Cancer	Olaparib	FoundationOne CDx  (Foundation Medicine, Inc.)	FFPE	NGS
FANCL	Oncogenic Mutations	Prostate Cancer, Prostate Cancer	Olaparib	FoundationOne CDx  (Foundation Medicine, Inc.)	FFPE	NGS
RAD54L	Oncogenic Mutations	Prostate Cancer, Prostate Cancer	Olaparib	FoundationOne CDx  (Foundation Medicine, Inc.)	FFPE	NGS
RAD51C	Oncogenic Mutations	Prostate Cancer, Prostate Cancer	Olaparib	FoundationOne CDx  (Foundation Medicine, Inc.)	FFPE	NGS
Other Biomarkers	Tumor Mutational Burden-High	All Solid Tumors	Pembrolizumab	FoundationOne CDx  (Foundation Medicine, Inc.)	FFPE	NGS
PIK3CA	Oncogenic Mutations	Breast Cancer	Capivasertib+Fulvestrant	FoundationOne CDx  (Foundation Medicine, Inc.)	FFPE	NGS
PTEN	Oncogenic Mutations	Breast Cancer	Capivasertib+Fulvestrant	FoundationOne CDx  (Foundation Medicine, Inc.)	FFPE	NGS
NTRK1	Fusions	All Solid Tumors	Larotrectinib	FoundationOne CDx  (Foundation Medicine, Inc.)	FFPE	NGS
NTRK2	Fusions	All Solid Tumors	Larotrectinib	FoundationOne CDx  (Foundation Medicine, Inc.)	FFPE	NGS
NTRK3	Fusions	All Solid Tumors	Larotrectinib	FoundationOne CDx  (Foundation Medicine, Inc.)	FFPE	NGS
Other Biomarkers	Microsatellite Instability-High	All Solid Tumors	Pembrolizumab	FoundationOne CDx  (Foundation Medicine, Inc.)	FFPE	NGS
NTRK1	Fusions	All Solid Tumors	Entrectinib	FoundationOne CDx  (Foundation Medicine, Inc.)	FFPE	NGS
NTRK2	Fusions	All Solid Tumors	Entrectinib	FoundationOne CDx  (Foundation Medicine, Inc.)	FFPE	NGS
NTRK3	Fusions	All Solid Tumors	Entrectinib	FoundationOne CDx  (Foundation Medicine, Inc.)	FFPE	NGS
ROS1	Fusions	Non-Small Cell Lung Cancer	Entrectinib	FoundationOne CDx  (Foundation Medicine, Inc.)	FFPE	NGS
BRCA1	Oncogenic Mutations	Prostate Cancer	Niraparib+Abiraterone Acetate+Prednisone	FoundationOne CDx  (Foundation Medicine, Inc.)	FFPE	NGS
BRCA2	Oncogenic Mutations	Prostate Cancer	Niraparib+Abiraterone Acetate+Prednisone	FoundationOne CDx  (Foundation Medicine, Inc.)	FFPE	NGS
RET	Fusions	All Solid Tumors	Selpercatinib	FoundationOne CDx  (Foundation Medicine, Inc.)	FFPE	NGS
BRAF	V600	Melanoma	Vemurafenib+Atezolizumab+Cobimetinib	FoundationOne CDx  (Foundation Medicine, Inc.)	FFPE	NGS
EGFR	Exon 19 in-frame deletions, L858R	Non-Small Cell Lung Cancer	Gefitinib	FoundationOne Liquid CDx  (Foundation Medicine, Inc.)	cfDNA from plasma	NGS
EGFR	Exon 19 in-frame deletions, L858R	Non-Small Cell Lung Cancer	Osimertinib	FoundationOne Liquid CDx  (Foundation Medicine, Inc.)	cfDNA from plasma	NGS
EGFR	Exon 19 in-frame deletions, L858R	Non-Small Cell Lung Cancer	Erlotinib	FoundationOne Liquid CDx  (Foundation Medicine, Inc.)	cfDNA from plasma	NGS
BRCA1	Oncogenic Mutations	Prostate Cancer, Prostate Cancer	Rucaparib	FoundationOne Liquid CDx  (Foundation Medicine, Inc.)	cfDNA from plasma	NGS
BRCA2	Oncogenic Mutations	Prostate Cancer, Prostate Cancer	Rucaparib	FoundationOne Liquid CDx  (Foundation Medicine, Inc.)	cfDNA from plasma	NGS
BRCA1	Oncogenic Mutations	Prostate Cancer	Olaparib+Abiraterone+Prednisone	FoundationOne Liquid CDx  (Foundation Medicine, Inc.)	cfDNA from plasma	NGS
BRCA2	Oncogenic Mutations	Prostate Cancer	Olaparib+Abiraterone+Prednisone	FoundationOne Liquid CDx  (Foundation Medicine, Inc.)	cfDNA from plasma	NGS
BRCA1	Oncogenic Mutations	Prostate Cancer	Olaparib	FoundationOne Liquid CDx  (Foundation Medicine, Inc.)	cfDNA from plasma	NGS
BRCA2	Oncogenic Mutations	Prostate Cancer	Olaparib	FoundationOne Liquid CDx  (Foundation Medicine, Inc.)	cfDNA from plasma	NGS
ATM	Oncogenic Mutations	Prostate Cancer	Olaparib	FoundationOne Liquid CDx  (Foundation Medicine, Inc.)	cfDNA from plasma	NGS
MET	963_1010del, 963_1010splice, D1010, Exon 14 Deletion	Non-Small Cell Lung Cancer	Tepotinib	FoundationOne Liquid CDx  (Foundation Medicine, Inc.)	cfDNA from plasma	NGS
PIK3CA	Oncogenic Mutations	Breast Cancer	Inavolisib+Palbociclib+Fulvestrant	FoundationOne Liquid CDx  (Foundation Medicine, Inc.)	cfDNA from plasma	NGS
BRAF	V600E	Non-Small Cell Lung Cancer	Encorafenib+Binimetinib	FoundationOne Liquid CDx  (Foundation Medicine, Inc.)	cfDNA from plasma	NGS
ROS1	Fusions	Non-Small Cell Lung Cancer	Entrectinib	FoundationOne Liquid CDx  (Foundation Medicine, Inc.)	cfDNA from plasma	NGS
NTRK1	Fusions	All Solid Tumors	Entrectinib	FoundationOne Liquid CDx  (Foundation Medicine, Inc.)	cfDNA from plasma	NGS
NTRK2	Fusions	All Solid Tumors	Entrectinib	FoundationOne Liquid CDx  (Foundation Medicine, Inc.)	cfDNA from plasma	NGS
NTRK3	Fusions	All Solid Tumors	Entrectinib	FoundationOne Liquid CDx  (Foundation Medicine, Inc.)	cfDNA from plasma	NGS
ALK	Fusions	Non-Small Cell Lung Cancer	Alectinib	FoundationOne Liquid CDx  (Foundation Medicine, Inc.)	cfDNA from plasma	NGS
PIK3CA	C420R, E542K, E545A, E545D, E545G, E545K, H1047L, H1047R, H1047Y, Q546E, Q546R	Breast Cancer	Alpelisib+Fulvestrant	FoundationOne Liquid CDx  (Foundation Medicine, Inc.)	cfDNA from plasma	NGS
BRAF	V600E	Colorectal Cancer	Encorafenib+Cetuximab	FoundationOne Liquid CDx  (Foundation Medicine, Inc.)	cfDNA from plasma	NGS
MET	963_1010del, 963_1010splice, D1010	Non-Small Cell Lung Cancer	Capmatinib	FoundationOne Liquid CDx  (Foundation Medicine, Inc.)	cfDNA from plasma	NGS
BRCA2	Oncogenic Mutations	Prostate Cancer	Niraparib+Abiraterone Acetate+Prednisone	FoundationOne Liquid CDx  (Foundation Medicine, Inc.)	cfDNA from plasma	NGS
BRCA1	Oncogenic Mutations	Prostate Cancer	Niraparib+Abiraterone Acetate+Prednisone	FoundationOne Liquid CDx  (Foundation Medicine, Inc.)	cfDNA from plasma	NGS
EGFR	Exon 19 in-frame deletions, L858R, T790M	Non-Small Cell Lung Cancer	Osimertinib	Guardant360 CDx  (Guardant Health, Inc.)	cfDNA from plasma	NGS
EGFR	Exon 20 in-frame insertions	Non-Small Cell Lung Cancer	Amivantamab	Guardant360 CDx  (Guardant Health, Inc.)	cfDNA from plasma	NGS
KRAS	G12C	Non-Small Cell Lung Cancer	Sotorasib	Guardant360 CDx  (Guardant Health, Inc.)	cfDNA from plasma	NGS
ERBB2	Oncogenic Mutations	Non-Small Cell Lung Cancer	Trastuzumab Deruxtecan	Guardant360 CDx  (Guardant Health, Inc.)	cfDNA from plasma	NGS
ESR1	D538, E380, L469V, L536, S463P, Y537	Breast Cancer	Elacestrant	Guardant360 CDx  (Guardant Health, Inc.)	cfDNA from plasma	NGS
ERBB2	Amplification	Breast Cancer	Trastuzumab,Trastuzumab+Chemotherapy	HER2 CISH pharmDx Kit  (Dako Denmark A/S)	FFPE	CISH
ERBB2	Amplification	Breast Cancer	Trastuzumab,Trastuzumab+Chemotherapy	HER2 FISH pharmDx Kit  (Dako Denmark A/S)	FFPE	FISH
ERBB2	Amplification	Esophagogastric Cancer	Pembrolizumab+Trastuzumab+Chemotherapy,Trastuzumab+Chemotherapy	HER2 FISH pharmDx Kit  (Dako Denmark A/S)	FFPE	FISH
ERBB2	Amplification	Breast Cancer	Trastuzumab+Pertuzumab+Chemotherapy	HER2 FISH pharmDx Kit  (Dako Denmark A/S)	FFPE	FISH
ERBB2	Amplification	Breast Cancer	Ado-Trastuzumab Emtansine	HER2 FISH pharmDx Kit  (Dako Denmark A/S)	FFPE	FISH
ERBB2	Amplification	Breast Cancer	Trastuzumab,Trastuzumab+Chemotherapy	INFORM HER-2/neu  (Ventana Medical Systems, Inc.)	FFPE	FISH
ERBB2	Amplification	Breast Cancer	Trastuzumab,Trastuzumab+Chemotherapy	INFORM HER2 Dual ISH DNA Probe Cocktail  (Ventana Medical Systems, Inc.)	FFPE	CISH
ERBB2	Amplification	Breast Cancer	Ado-Trastuzumab Emtansine	INFORM HER2 Dual ISH DNA Probe Cocktail  (Ventana Medical Systems, Inc.)	FFPE	CISH
KIT	D816	Mastocytosis	Avapritinib	KIT D816V Assay  (ARUP Laboratories, Inc.)	Bone marrow	PCR
FLT3	D835, I836, Internal Tandem Duplication	Acute Myeloid Leukemia	Midostaurin+High Dose Chemotherapy	LeukoStrat CDx FLT3 Mutation Assay  (Invivoscribe Technologies, Inc.)	Mononuclear cells from bone marrow, Mononuclear cells from peripheral blood	PCR
FLT3	D835, I836, Internal Tandem Duplication	Acute Myeloid Leukemia	Gilteritinib	LeukoStrat CDx FLT3 Mutation Assay  (Invivoscribe Technologies, Inc.)	Mononuclear cells from bone marrow, Mononuclear cells from peripheral blood	PCR
FLT3	D835, I836, Internal Tandem Duplication	Acute Myeloid Leukemia	Quizartinib	LeukoStrat CDx FLT3 Mutation Assay  (Invivoscribe Technologies, Inc.)	Mononuclear cells from bone marrow, Mononuclear cells from peripheral blood	PCR
BCR	BCR-ABL1 Fusion	Chronic Myelogenous Leukemia	Nilotinib	MRDx BCR-ABL Test  (MolecularMD Corporation)	Peripheral Blood	PCR
ABL1	BCR-ABL1 Fusion	Chronic Myelogenous Leukemia	Nilotinib	MRDx BCR-ABL Test  (MolecularMD Corporation)	Peripheral Blood	PCR
BRCA1	Oncogenic Mutations	Ovarian Cancer, Ovary/Fallopian Tube, Peritoneal Serous Carcinoma	Olaparib	Myriad myChoice CDx  (Myriad Genetic Laboratories, Inc.)	FFPE	NGS
BRCA2	Oncogenic Mutations	Ovarian Cancer, Ovary/Fallopian Tube, Peritoneal Serous Carcinoma	Olaparib	Myriad myChoice CDx  (Myriad Genetic Laboratories, Inc.)	FFPE	NGS
KRAS	Wildtype	Colorectal Cancer	Cetuximab,Cetuximab+Chemotherapy	ONCO/Reveal Dx Lung & Colon Cancer Assay (O/RDx-LCCA)  (Pillar Biosciences, Inc.)	FFPE	NGS
KRAS	Wildtype	Colorectal Cancer	Panitumumab,Panitumumab+Chemotherapy	ONCO/Reveal Dx Lung & Colon Cancer Assay (O/RDx-LCCA)  (Pillar Biosciences, Inc.)	FFPE	NGS
BRAF	V600E	Non-Small Cell Lung Cancer	Dabrafenib+Trametinib	Oncomine Dx Target Test  (Life Technologies Corporation)	FFPE	NGS
ROS1	Fusions	Non-Small Cell Lung Cancer	Crizotinib	Oncomine Dx Target Test  (Life Technologies Corporation)	FFPE	NGS
EGFR	Exon 19 in-frame deletions, L858R	Non-Small Cell Lung Cancer	Gefitinib	Oncomine Dx Target Test  (Life Technologies Corporation)	FFPE	NGS
ERBB2	770_831ins, A710V, D769H, D769Y, D808N, D821N, E717D, G776S, G776V, G815R, I767M, L726F, L726I, L755A, L755M, L755P, L755S, L755W, L768S, L841V, L866M, L869R, Q709L, T733I, T798M, V697L, V777L, V777M, V794M, V842I	Non-Small Cell Lung Cancer	Zongertinib	Oncomine Dx Target Test  (Life Technologies Corporation)	FFPE	NGS
RET	Fusions	Non-Small Cell Lung Cancer	Pralsetinib	Oncomine Dx Target Test  (Life Technologies Corporation)	FFPE	NGS
EGFR	Exon 20 in-frame insertions	Non-Small Cell Lung Cancer	Amivantamab	Oncomine Dx Target Test  (Life Technologies Corporation)	FFPE	NGS
IDH1	R132	Cholangiocarcinoma, Intrahepatic Cholangiocarcinoma	Ivosidenib	Oncomine Dx Target Test  (Life Technologies Corporation)	FFPE	NGS
ERBB2	Oncogenic Mutations	Non-Small Cell Lung Cancer	Trastuzumab Deruxtecan	Oncomine Dx Target Test  (Life Technologies Corporation)	FFPE	NGS
RET	Fusions	Non-Small Cell Lung Cancer	Selpercatinib	Oncomine Dx Target Test  (Life Technologies Corporation)	FFPE	NGS
RET	Oncogenic Mutations	Medullary Thyroid Cancer	Selpercatinib	Oncomine Dx Target Test  (Life Technologies Corporation)	FFPE	NGS
BRAF	V600E	Anaplastic Thyroid Cancer	Dabrafenib+Trametinib	Oncomine Dx Target Test  (Life Technologies Corporation)	FFPE	NGS
IDH1	R132C, R132G, R132H, R132L, R132S	Astrocytoma, IDH-Mutant	Vorasidenib	Oncomine Dx Target Test  (Life Technologies Corporation)	FFPE	NGS
IDH1	R132C, R132G, R132H, R132L, R132S	Oligodendroglioma, IDH-mutant, and 1p/19q-Codeleted	Vorasidenib	Oncomine Dx Target Test  (Life Technologies Corporation)	FFPE	NGS
IDH2	R172G, R172K, R172M, R172S, R172W	Astrocytoma, IDH-Mutant	Vorasidenib	Oncomine Dx Target Test  (Life Technologies Corporation)	FFPE	NGS
IDH2	R172G, R172K, R172M, R172S, R172W	Oligodendroglioma, IDH-mutant, and 1p/19q-Codeleted	Vorasidenib	Oncomine Dx Target Test  (Life Technologies Corporation)	FFPE	NGS
ERBB2	Amplification	Breast Cancer	Trastuzumab,Trastuzumab+Chemotherapy	PathVysion HER-2 DNA Probe Kit  (Abbott Molecular Inc.)	FFPE	FISH
ERBB2	Amplification	Breast Cancer	Trastuzumab,Trastuzumab+Chemotherapy	Ventana HER2 Dual ISH DNA Probe Cocktail  (Ventana Medical Systems, Inc.)	FFPE	CISH
ALK	Fusions	Non-Small Cell Lung Cancer	Crizotinib	Vysis ALK Break Apart FISH Probe Kit  (Abbott Molecular Inc.)	FFPE	FISH
ALK	Fusions	Non-Small Cell Lung Cancer	Brigatinib	Vysis ALK Break Apart FISH Probe Kit  (Abbott Molecular Inc.)	FFPE	FISH
KRAS	Wildtype	Colorectal Cancer	Cetuximab,Cetuximab+Chemotherapy	xT CDx  (Tempus Labs, Inc.)	FFPE, FFPE with matched normal from blood, FFPE with matched normal from saliva	NGS
KRAS	Wildtype	Colorectal Cancer	Panitumumab,Panitumumab+Chemotherapy	xT CDx  (Tempus Labs, Inc.)	FFPE, FFPE with matched normal from blood, FFPE with matched normal from saliva	NGS
NRAS	Wildtype	Colorectal Cancer	Panitumumab,Panitumumab+Chemotherapy	xT CDx  (Tempus Labs, Inc.)	FFPE, FFPE with matched normal from blood, FFPE with matched normal from saliva	NGS
PDGFRB	Fusions	Myelodysplastic/Myeloproliferative Neoplasms	Imatinib	PDGFRB FISH Assay  (ARUP Laboratories, Inc.)	Bone marrow	FISH
KRAS	Wildtype	Colorectal Cancer	Panitumumab,Panitumumab+Chemotherapy	Praxis Extended RAS Panel  (Illumina, Inc.)	FFPE	NGS
NRAS	Wildtype	Colorectal Cancer	Panitumumab,Panitumumab+Chemotherapy	Praxis Extended RAS Panel  (Illumina, Inc.)	FFPE	NGS
ERBB2	Amplification	Breast Cancer	Trastuzumab,Trastuzumab+Chemotherapy	SPOT-LIGHT HER2 CISH Kit  (Life Technologies Corporation)	FFPE	CISH
BRAF	V600E	Colorectal Cancer	Encorafenib+Cetuximab	therascreen BRAF V600E RGQ PCR Kit  (QIAGEN GmbH)	FFPE	PCR
EGFR	Exon 19 in-frame deletions, L858R	Non-Small Cell Lung Cancer	Afatinib	therascreen EGFR RGQ PCR Kit  (Qiagen Manchester, Ltd.)	FFPE	PCR
EGFR	Exon 19 in-frame deletions, L858R	Non-Small Cell Lung Cancer	Gefitinib	therascreen EGFR RGQ PCR Kit  (Qiagen Manchester, Ltd.)	FFPE	PCR
EGFR	G719, L861Q, S768I	Non-Small Cell Lung Cancer	Afatinib	therascreen EGFR RGQ PCR Kit  (Qiagen Manchester, Ltd.)	FFPE	PCR
EGFR	Exon 19 in-frame deletions, L858R	Non-Small Cell Lung Cancer	Dacomitinib	therascreen EGFR RGQ PCR Kit  (Qiagen Manchester, Ltd.)	FFPE	PCR
FGFR3	Fusions, G370C, R248C, S249C, Y373C	Bladder Cancer	Erdafitinib	therascreen FGFR RGQ RT-PCR Kit  (QIAGEN Manchester Ltd.)	FFPE	PCR
KRAS	Wildtype	Colorectal Cancer	Panitumumab,Panitumumab+Chemotherapy	therascreen KRAS RGQ PCR Kit  (Qiagen Manchester, Ltd.)	FFPE	PCR
KRAS	G12C	Non-Small Cell Lung Cancer	Sotorasib	therascreen KRAS RGQ PCR Kit  (Qiagen Manchester, Ltd.)	FFPE	PCR
KRAS	Wildtype	Colorectal Cancer	Cetuximab,Cetuximab+Chemotherapy	therascreen KRAS RGQ PCR Kit  (Qiagen Manchester, Ltd.)	FFPE	PCR
KRAS	Wildtype	Colorectal Cancer	Cetuximab,Cetuximab+Chemotherapy	therascreen KRAS RGQ PCR Kit  (Qiagen Manchester, Ltd.)	FFPE	PCR
KRAS	G12C	Non-Small Cell Lung Cancer	Adagrasib	therascreen KRAS RGQ PCR Kit  (Qiagen Manchester, Ltd.)	FFPE	PCR
KRAS	G12C	Colorectal Cancer	Adagrasib+Cetuximab	therascreen KRAS RGQ PCR Kit  (Qiagen Manchester, Ltd.)	FFPE	PCR
KRAS	G12C	Colorectal Cancer	Sotorasib+Panitumumab	therascreen KRAS RGQ PCR Kit  (Qiagen Manchester, Ltd.)	FFPE	PCR
PDGFRA	Exon 18 missense mutations	Gastrointestinal Stromal Tumor	Avapritinib	therascreen PDGFRA RGQ PCR Kit  (QIAGEN GmbH)	FFPE	PCR
PIK3CA	C420R, E542K, E545A, E545D, E545G, E545K, H1047L, H1047R, H1047Y, Q546E, Q546R	Breast Cancer	Alpelisib+Fulvestrant	therascreen PIK3CA RGQ PCR Kit  (QIAGEN GmbH)	FFPE, cfDNA from plasma	PCR
BRAF	V600E, V600K	Melanoma	Trametinib	THXID BRAF Kit  (bioMérieux Inc.)	FFPE	PCR
BRAF	V600E	Melanoma	Dabrafenib	THXID BRAF Kit  (bioMérieux Inc.)	FFPE	PCR
BRAF	V600E, V600K	Melanoma	Encorafenib+Binimetinib	THXID BRAF Kit  (bioMérieux Inc.)	FFPE	PCR
NTRK1	Fusions	All Solid Tumors	Larotrectinib	TruSight Oncology Comprehensive (Illumina, Inc.)	FFPE	NGS
NTRK2	Fusions	All Solid Tumors	Larotrectinib	TruSight Oncology Comprehensive (Illumina, Inc.)	FFPE	NGS
NTRK3	Fusions	All Solid Tumors	Selpercatinib	TruSight Oncology Comprehensive (Illumina, Inc.)	FFPE	NGS
RET	Fusions	Non-Small Cell Lung Cancer	Selpercatinib	TruSight Oncology Comprehensive (Illumina, Inc.)	FFPE	NGS
BRAF	V600E, V600K	Melanoma	Trametinib	MI Cancer Seek (MCS) (Caris Life Sciences)	FFPE	NGS
KRAS	Wildtype	Colorectal Cancer	Panitumumab	MI Cancer Seek (MCS) (Caris Life Sciences)	FFPE	NGS
NRAS	Wildtype	Colorectal Cancer	Panitumumab	MI Cancer Seek (MCS) (Caris Life Sciences)	FFPE	NGS
Other Biomarkers	MSI-H	All Solid Tumors	Pembrolizumab	MI Cancer Seek (MCS) (Caris Life Sciences)	FFPE	NGS
Other Biomarkers	MSI-H	All Solid Tumors	Dostarlimab	MI Cancer Seek (MCS) (Caris Life Sciences)	FFPE	NGS
PIK3CA	C420R, E542K, E545D, E545G, E545K, H1047L, H1047Y, Q546E, Q546R	Breast Cancer	Alpelisib	MI Cancer Seek (MCS) (Caris Life Sciences)	FFPE	NGS
BRAF	V600E	Colorectal Cancer	Encorafenib+Cetuximab	MI Cancer Seek (MCS) (Caris Life Sciences)	FFPE	NGS