claim_id,claim_domain,claim_type,direction,graph_evidence_id,biomarker_status,disease_status,intervention_status,direction_status,tumour_context_status,evidence_type_status,study_design_status,prospective_retrospective_status,randomization_status,endpoint_status,clinical_response_status,survival_status,preclinical_status,in_vivo_status,in_vitro_status,in_silico_status,approval_status,source_status,identifier_status,source_unit_status,locator_status,text_status,assessment_status,tier,reason_codes,notes
CLM-01aba27a2fb14d531e2d,therapeutic,atomic_intervention_claim,sensitivity,evidence:100001,PRESENT_STRUCTURED,PRESENT_STRUCTURED,PRESENT_STRUCTURED,PRESENT_STRUCTURED,MISSING,MISSING,MISSING,MISSING,MISSING,MISSING,MISSING,MISSING,MISSING,MISSING,MISSING,MISSING,MISSING,MISSING,MISSING,MISSING,MISSING,MISSING,UNASSIGNABLE,,MISSING_SOURCE_OR_CONTEXT,tier not assigned
CLM-0269a5c7db107cd8a893,therapeutic,atomic_intervention_claim,sensitivity,evidence:963,PRESENT_STRUCTURED,PRESENT_STRUCTURED,PRESENT_STRUCTURED,PRESENT_STRUCTURED,MISSING,MISSING,MISSING,MISSING,MISSING,MISSING,MISSING,MISSING,MISSING,MISSING,MISSING,MISSING,MISSING,MISSING,MISSING,MISSING,MISSING,MISSING,UNASSIGNABLE,,MISSING_SOURCE_OR_CONTEXT,tier not assigned
CLM-02e4c1aec896020b2f8a,therapeutic,atomic_intervention_claim,sensitivity,evidence:276,PRESENT_STRUCTURED,PRESENT_STRUCTURED,PRESENT_STRUCTURED,PRESENT_STRUCTURED,MISSING,MISSING,MISSING,MISSING,MISSING,MISSING,MISSING,MISSING,MISSING,MISSING,MISSING,MISSING,MISSING,MISSING,MISSING,MISSING,MISSING,MISSING,UNASSIGNABLE,,MISSING_SOURCE_OR_CONTEXT,tier not assigned
CLM-05cfe6e3eb14e9a7e4c5,therapeutic,atomic_intervention_claim,sensitivity,evidence:7363,PRESENT_STRUCTURED,PRESENT_STRUCTURED,PRESENT_STRUCTURED,PRESENT_STRUCTURED,MISSING,MISSING,MISSING,MISSING,MISSING,MISSING,MISSING,MISSING,MISSING,MISSING,MISSING,MISSING,MISSING,MISSING,MISSING,MISSING,MISSING,MISSING,UNASSIGNABLE,,MISSING_SOURCE_OR_CONTEXT,tier not assigned
CLM-074de0af80e7ed34d41a,therapeutic,atomic_intervention_claim,sensitivity,evidence:982,PRESENT_STRUCTURED,PRESENT_STRUCTURED,PRESENT_STRUCTURED,PRESENT_STRUCTURED,MISSING,MISSING,MISSING,MISSING,MISSING,MISSING,MISSING,MISSING,MISSING,MISSING,MISSING,MISSING,MISSING,MISSING,MISSING,MISSING,MISSING,MISSING,UNASSIGNABLE,,MISSING_SOURCE_OR_CONTEXT,tier not assigned
CLM-091cf6602db85e2a2d41,therapeutic,atomic_intervention_claim,sensitivity,evidence:296,PRESENT_STRUCTURED,PRESENT_STRUCTURED,PRESENT_STRUCTURED,PRESENT_STRUCTURED,AMBIGUOUS,PRESENT_STRUCTURED,MISSING,MISSING,MISSING,MISSING,MISSING,MISSING,MISSING,MISSING,MISSING,MISSING,MISSING,PRESENT_STRUCTURED,PRESENT_STRUCTURED,PARENT_LEVEL_ONLY,PRESENT_IN_LOCAL_TEXT,PRESENT_IN_LOCAL_TEXT,PARTIALLY_ASSIGNABLE,,MISSING_FRAMEWORK_RULE,tier not assigned
CLM-0e59264facd7b2df0e67,therapeutic,atomic_intervention_claim,resistance,evidence:1484,PRESENT_STRUCTURED,PRESENT_STRUCTURED,PRESENT_STRUCTURED,PRESENT_STRUCTURED,AMBIGUOUS,PRESENT_STRUCTURED,MISSING,MISSING,MISSING,MISSING,MISSING,MISSING,MISSING,MISSING,MISSING,MISSING,MISSING,PRESENT_STRUCTURED,PRESENT_STRUCTURED,PARENT_LEVEL_ONLY,PRESENT_IN_LOCAL_TEXT,PRESENT_IN_LOCAL_TEXT,PARTIALLY_ASSIGNABLE,,MISSING_FRAMEWORK_RULE,tier not assigned
CLM-0f234bc9c53847910521,therapeutic,atomic_intervention_claim,resistance,evidence:100002,PRESENT_STRUCTURED,PRESENT_STRUCTURED,PRESENT_STRUCTURED,PRESENT_STRUCTURED,MISSING,MISSING,MISSING,MISSING,MISSING,MISSING,MISSING,MISSING,MISSING,MISSING,MISSING,MISSING,MISSING,MISSING,MISSING,MISSING,MISSING,MISSING,UNASSIGNABLE,,MISSING_SOURCE_OR_CONTEXT,tier not assigned
CLM-159208efa2462a277ce8,therapeutic,atomic_intervention_claim,resistance,evidence:766,PRESENT_STRUCTURED,PRESENT_STRUCTURED,PRESENT_STRUCTURED,PRESENT_STRUCTURED,MISSING,MISSING,MISSING,MISSING,MISSING,MISSING,MISSING,MISSING,MISSING,MISSING,MISSING,MISSING,MISSING,MISSING,MISSING,MISSING,MISSING,MISSING,UNASSIGNABLE,,MISSING_SOURCE_OR_CONTEXT,tier not assigned
CLM-1bdedb4c451fe79a073f,therapeutic,atomic_intervention_claim,sensitivity,evidence:11598,PRESENT_STRUCTURED,PRESENT_STRUCTURED,PRESENT_STRUCTURED,PRESENT_STRUCTURED,MISSING,MISSING,MISSING,MISSING,MISSING,MISSING,MISSING,MISSING,MISSING,MISSING,MISSING,MISSING,MISSING,MISSING,MISSING,MISSING,MISSING,MISSING,UNASSIGNABLE,,MISSING_SOURCE_OR_CONTEXT,tier not assigned
CLM-1d3ba8b6ae49232969c7,therapeutic,atomic_intervention_claim,sensitivity,evidence:7329,PRESENT_STRUCTURED,PRESENT_STRUCTURED,PRESENT_STRUCTURED,PRESENT_STRUCTURED,MISSING,MISSING,MISSING,MISSING,MISSING,MISSING,MISSING,MISSING,MISSING,MISSING,MISSING,MISSING,MISSING,MISSING,MISSING,MISSING,MISSING,MISSING,UNASSIGNABLE,,MISSING_SOURCE_OR_CONTEXT,tier not assigned
CLM-1d3f469e0b264de4d203,therapeutic,atomic_intervention_claim,sensitivity,evidence:1236,PRESENT_STRUCTURED,PRESENT_STRUCTURED,PRESENT_STRUCTURED,PRESENT_STRUCTURED,MISSING,MISSING,MISSING,MISSING,MISSING,MISSING,MISSING,MISSING,MISSING,MISSING,MISSING,MISSING,MISSING,MISSING,MISSING,MISSING,MISSING,MISSING,UNASSIGNABLE,,MISSING_SOURCE_OR_CONTEXT,tier not assigned
CLM-1da32e197ff9793e6508,therapeutic,atomic_intervention_claim,sensitivity,evidence:885,PRESENT_STRUCTURED,PRESENT_STRUCTURED,PRESENT_STRUCTURED,PRESENT_STRUCTURED,MISSING,MISSING,MISSING,MISSING,MISSING,MISSING,MISSING,MISSING,MISSING,MISSING,MISSING,MISSING,MISSING,MISSING,MISSING,MISSING,MISSING,MISSING,UNASSIGNABLE,,MISSING_SOURCE_OR_CONTEXT,tier not assigned
CLM-1e4f404ac84ee591fbda,therapeutic,atomic_intervention_claim,sensitivity,evidence:5908,PRESENT_STRUCTURED,PRESENT_STRUCTURED,PRESENT_STRUCTURED,PRESENT_STRUCTURED,MISSING,MISSING,MISSING,MISSING,MISSING,MISSING,MISSING,MISSING,MISSING,MISSING,MISSING,MISSING,MISSING,MISSING,MISSING,MISSING,MISSING,MISSING,UNASSIGNABLE,,MISSING_SOURCE_OR_CONTEXT,tier not assigned
CLM-1e701d1f8bedef0977f8,therapeutic,atomic_intervention_claim,sensitivity,evidence:6183,PRESENT_STRUCTURED,PRESENT_STRUCTURED,PRESENT_STRUCTURED,PRESENT_STRUCTURED,MISSING,MISSING,MISSING,MISSING,MISSING,MISSING,MISSING,MISSING,MISSING,MISSING,MISSING,MISSING,MISSING,MISSING,MISSING,MISSING,MISSING,MISSING,UNASSIGNABLE,,MISSING_SOURCE_OR_CONTEXT,tier not assigned
CLM-1ebe76eee72069c364bc,therapeutic,atomic_intervention_claim,sensitivity,evidence:5922,PRESENT_STRUCTURED,PRESENT_STRUCTURED,PRESENT_STRUCTURED,PRESENT_STRUCTURED,MISSING,MISSING,MISSING,MISSING,MISSING,MISSING,MISSING,MISSING,MISSING,MISSING,MISSING,MISSING,MISSING,MISSING,MISSING,MISSING,MISSING,MISSING,UNASSIGNABLE,,MISSING_SOURCE_OR_CONTEXT,tier not assigned
CLM-1ee5f9a16a678cebf993,therapeutic,atomic_intervention_claim,sensitivity,evidence:4294,PRESENT_STRUCTURED,PRESENT_STRUCTURED,PRESENT_STRUCTURED,PRESENT_STRUCTURED,MISSING,MISSING,MISSING,MISSING,MISSING,MISSING,MISSING,MISSING,MISSING,MISSING,MISSING,MISSING,MISSING,MISSING,MISSING,MISSING,MISSING,MISSING,UNASSIGNABLE,,MISSING_SOURCE_OR_CONTEXT,tier not assigned
CLM-1fc4af943701d57d45ad,therapeutic,atomic_intervention_claim,sensitivity,evidence:229,PRESENT_STRUCTURED,PRESENT_STRUCTURED,PRESENT_STRUCTURED,PRESENT_STRUCTURED,AMBIGUOUS,PRESENT_STRUCTURED,MISSING,MISSING,MISSING,MISSING,MISSING,MISSING,MISSING,MISSING,MISSING,MISSING,MISSING,PRESENT_STRUCTURED,PRESENT_STRUCTURED,PARENT_LEVEL_ONLY,PRESENT_IN_LOCAL_TEXT,PRESENT_IN_LOCAL_TEXT,PARTIALLY_ASSIGNABLE,,MISSING_FRAMEWORK_RULE,tier not assigned
CLM-20292f9f996547b64fc1,therapeutic,atomic_intervention_claim,resistance,evidence:767,PRESENT_STRUCTURED,PRESENT_STRUCTURED,PRESENT_STRUCTURED,PRESENT_STRUCTURED,MISSING,MISSING,MISSING,MISSING,MISSING,MISSING,MISSING,MISSING,MISSING,MISSING,MISSING,MISSING,MISSING,MISSING,MISSING,MISSING,MISSING,MISSING,UNASSIGNABLE,,MISSING_SOURCE_OR_CONTEXT,tier not assigned
CLM-223c1a096e9c2bc4468d,therapeutic,atomic_intervention_claim,resistance,evidence:100004,PRESENT_STRUCTURED,PRESENT_STRUCTURED,PRESENT_STRUCTURED,PRESENT_STRUCTURED,MISSING,MISSING,MISSING,MISSING,MISSING,MISSING,MISSING,MISSING,MISSING,MISSING,MISSING,MISSING,MISSING,MISSING,MISSING,MISSING,MISSING,MISSING,UNASSIGNABLE,,MISSING_SOURCE_OR_CONTEXT,tier not assigned
CLM-2617b2ea2379aff519b2,therapeutic,atomic_intervention_claim,sensitivity,evidence:1352,PRESENT_STRUCTURED,PRESENT_STRUCTURED,PRESENT_STRUCTURED,PRESENT_STRUCTURED,MISSING,MISSING,MISSING,MISSING,MISSING,MISSING,MISSING,MISSING,MISSING,MISSING,MISSING,MISSING,MISSING,MISSING,MISSING,MISSING,MISSING,MISSING,UNASSIGNABLE,,MISSING_SOURCE_OR_CONTEXT,tier not assigned
CLM-29aec477ec47a23eec35,therapeutic,atomic_intervention_claim,resistance,evidence:440,PRESENT_STRUCTURED,PRESENT_STRUCTURED,PRESENT_STRUCTURED,PRESENT_STRUCTURED,MISSING,MISSING,MISSING,MISSING,MISSING,MISSING,MISSING,MISSING,MISSING,MISSING,MISSING,MISSING,MISSING,MISSING,MISSING,MISSING,MISSING,MISSING,UNASSIGNABLE,,MISSING_SOURCE_OR_CONTEXT,tier not assigned
CLM-2af742d7109f4b5d3c4f,therapeutic,atomic_intervention_claim,resistance,evidence:33,PRESENT_STRUCTURED,PRESENT_STRUCTURED,PRESENT_STRUCTURED,PRESENT_STRUCTURED,MISSING,MISSING,MISSING,MISSING,MISSING,MISSING,MISSING,MISSING,MISSING,MISSING,MISSING,MISSING,MISSING,MISSING,MISSING,MISSING,MISSING,MISSING,UNASSIGNABLE,,MISSING_SOURCE_OR_CONTEXT,tier not assigned
CLM-2b2bbb0ab0316ff848a8,therapeutic,atomic_intervention_claim,sensitivity,evidence:1397,PRESENT_STRUCTURED,PRESENT_STRUCTURED,PRESENT_STRUCTURED,PRESENT_STRUCTURED,MISSING,MISSING,MISSING,MISSING,MISSING,MISSING,MISSING,MISSING,MISSING,MISSING,MISSING,MISSING,MISSING,MISSING,MISSING,MISSING,MISSING,MISSING,UNASSIGNABLE,,MISSING_SOURCE_OR_CONTEXT,tier not assigned
CLM-2cafbc4185d367ed50bd,therapeutic,atomic_intervention_claim,sensitivity,evidence:12542,PRESENT_STRUCTURED,PRESENT_STRUCTURED,PRESENT_STRUCTURED,PRESENT_STRUCTURED,MISSING,MISSING,MISSING,MISSING,MISSING,MISSING,MISSING,MISSING,MISSING,MISSING,MISSING,MISSING,MISSING,MISSING,MISSING,MISSING,MISSING,MISSING,UNASSIGNABLE,,MISSING_SOURCE_OR_CONTEXT,tier not assigned
CLM-2ef645b79a7d21ef1136,therapeutic,atomic_intervention_claim,resistance,evidence:237,PRESENT_STRUCTURED,PRESENT_STRUCTURED,PRESENT_STRUCTURED,PRESENT_STRUCTURED,MISSING,MISSING,MISSING,MISSING,MISSING,MISSING,MISSING,MISSING,MISSING,MISSING,MISSING,MISSING,MISSING,MISSING,MISSING,MISSING,MISSING,MISSING,UNASSIGNABLE,,MISSING_SOURCE_OR_CONTEXT,tier not assigned
CLM-2f29179857d3b3953834,therapeutic,atomic_intervention_claim,sensitivity,evidence:2621,PRESENT_STRUCTURED,PRESENT_STRUCTURED,PRESENT_STRUCTURED,PRESENT_STRUCTURED,MISSING,MISSING,MISSING,MISSING,MISSING,MISSING,MISSING,MISSING,MISSING,MISSING,MISSING,MISSING,MISSING,MISSING,MISSING,MISSING,MISSING,MISSING,UNASSIGNABLE,,MISSING_SOURCE_OR_CONTEXT,tier not assigned
CLM-311fb18411303def51f1,therapeutic,atomic_intervention_claim,sensitivity,evidence:883,PRESENT_STRUCTURED,PRESENT_STRUCTURED,PRESENT_STRUCTURED,PRESENT_STRUCTURED,MISSING,MISSING,MISSING,MISSING,MISSING,MISSING,MISSING,MISSING,MISSING,MISSING,MISSING,MISSING,MISSING,MISSING,MISSING,MISSING,MISSING,MISSING,UNASSIGNABLE,,MISSING_SOURCE_OR_CONTEXT,tier not assigned
CLM-32754dd8ee5d24de665b,therapeutic,atomic_intervention_claim,sensitivity,evidence:4285,PRESENT_STRUCTURED,PRESENT_STRUCTURED,PRESENT_STRUCTURED,PRESENT_STRUCTURED,MISSING,MISSING,MISSING,MISSING,MISSING,MISSING,MISSING,MISSING,MISSING,MISSING,MISSING,MISSING,MISSING,MISSING,MISSING,MISSING,MISSING,MISSING,UNASSIGNABLE,,MISSING_SOURCE_OR_CONTEXT,tier not assigned
CLM-347f2a636ebc43972ab8,therapeutic,atomic_intervention_claim,sensitivity,evidence:9225,PRESENT_STRUCTURED,PRESENT_STRUCTURED,PRESENT_STRUCTURED,PRESENT_STRUCTURED,MISSING,MISSING,MISSING,MISSING,MISSING,MISSING,MISSING,MISSING,MISSING,MISSING,MISSING,MISSING,MISSING,MISSING,MISSING,MISSING,MISSING,MISSING,UNASSIGNABLE,,MISSING_SOURCE_OR_CONTEXT,tier not assigned
CLM-35120fc8e653a16cae3b,therapeutic,atomic_intervention_claim,resistance,evidence:32,PRESENT_STRUCTURED,PRESENT_STRUCTURED,PRESENT_STRUCTURED,PRESENT_STRUCTURED,MISSING,MISSING,MISSING,MISSING,MISSING,MISSING,MISSING,MISSING,MISSING,MISSING,MISSING,MISSING,MISSING,MISSING,MISSING,MISSING,MISSING,MISSING,UNASSIGNABLE,,MISSING_SOURCE_OR_CONTEXT,tier not assigned
CLM-382985ec558808784e70,therapeutic,atomic_intervention_claim,sensitivity,evidence:11219,PRESENT_STRUCTURED,PRESENT_STRUCTURED,PRESENT_STRUCTURED,PRESENT_STRUCTURED,MISSING,MISSING,MISSING,MISSING,MISSING,MISSING,MISSING,MISSING,MISSING,MISSING,MISSING,MISSING,MISSING,MISSING,MISSING,MISSING,MISSING,MISSING,UNASSIGNABLE,,MISSING_SOURCE_OR_CONTEXT,tier not assigned
CLM-395b56e071be2f1cd458,therapeutic,atomic_intervention_claim,sensitivity,evidence:2629,PRESENT_STRUCTURED,PRESENT_STRUCTURED,PRESENT_STRUCTURED,PRESENT_STRUCTURED,MISSING,MISSING,MISSING,MISSING,MISSING,MISSING,MISSING,MISSING,MISSING,MISSING,MISSING,MISSING,MISSING,MISSING,MISSING,MISSING,MISSING,MISSING,UNASSIGNABLE,,MISSING_SOURCE_OR_CONTEXT,tier not assigned
CLM-3d26401c2cabcad4b409,therapeutic,atomic_intervention_claim,sensitivity,evidence:2157,PRESENT_STRUCTURED,PRESENT_STRUCTURED,PRESENT_STRUCTURED,PRESENT_STRUCTURED,MISSING,MISSING,MISSING,MISSING,MISSING,MISSING,MISSING,MISSING,MISSING,MISSING,MISSING,MISSING,MISSING,MISSING,MISSING,MISSING,MISSING,MISSING,UNASSIGNABLE,,MISSING_SOURCE_OR_CONTEXT,tier not assigned
CLM-3d66398af20ebdb6fcfe,therapeutic,atomic_intervention_claim,sensitivity,evidence:1918,PRESENT_STRUCTURED,PRESENT_STRUCTURED,PRESENT_STRUCTURED,PRESENT_STRUCTURED,MISSING,MISSING,MISSING,MISSING,MISSING,MISSING,MISSING,MISSING,MISSING,MISSING,MISSING,MISSING,MISSING,MISSING,MISSING,MISSING,MISSING,MISSING,UNASSIGNABLE,,MISSING_SOURCE_OR_CONTEXT,tier not assigned
CLM-3da7dfefece93692b2a2,therapeutic,atomic_intervention_claim,resistance,evidence:765,PRESENT_STRUCTURED,PRESENT_STRUCTURED,PRESENT_STRUCTURED,PRESENT_STRUCTURED,MISSING,MISSING,MISSING,MISSING,MISSING,MISSING,MISSING,MISSING,MISSING,MISSING,MISSING,MISSING,MISSING,MISSING,MISSING,MISSING,MISSING,MISSING,UNASSIGNABLE,,MISSING_SOURCE_OR_CONTEXT,tier not assigned
CLM-3e1055de8da3589f422e,therapeutic,atomic_intervention_claim,resistance,evidence:100003,PRESENT_STRUCTURED,PRESENT_STRUCTURED,PRESENT_STRUCTURED,PRESENT_STRUCTURED,MISSING,MISSING,MISSING,MISSING,MISSING,MISSING,MISSING,MISSING,MISSING,MISSING,MISSING,MISSING,MISSING,MISSING,MISSING,MISSING,MISSING,MISSING,UNASSIGNABLE,,MISSING_SOURCE_OR_CONTEXT,tier not assigned
CLM-3e6c02a630094d46aa2f,therapeutic,atomic_intervention_claim,resistance,evidence:1288,PRESENT_STRUCTURED,PRESENT_STRUCTURED,PRESENT_STRUCTURED,PRESENT_STRUCTURED,MISSING,MISSING,MISSING,MISSING,MISSING,MISSING,MISSING,MISSING,MISSING,MISSING,MISSING,MISSING,MISSING,MISSING,MISSING,MISSING,MISSING,MISSING,UNASSIGNABLE,,MISSING_SOURCE_OR_CONTEXT,tier not assigned
CLM-402da0a110fc725a7357,therapeutic,atomic_intervention_claim,sensitivity,evidence:4292,PRESENT_STRUCTURED,PRESENT_STRUCTURED,PRESENT_STRUCTURED,PRESENT_STRUCTURED,MISSING,MISSING,MISSING,MISSING,MISSING,MISSING,MISSING,MISSING,MISSING,MISSING,MISSING,MISSING,MISSING,MISSING,MISSING,MISSING,MISSING,MISSING,UNASSIGNABLE,,MISSING_SOURCE_OR_CONTEXT,tier not assigned
CLM-40e2238c622a9cf14d31,therapeutic,atomic_intervention_claim,resistance,evidence:1345,PRESENT_STRUCTURED,PRESENT_STRUCTURED,PRESENT_STRUCTURED,PRESENT_STRUCTURED,MISSING,MISSING,MISSING,MISSING,MISSING,MISSING,MISSING,MISSING,MISSING,MISSING,MISSING,MISSING,MISSING,MISSING,MISSING,MISSING,MISSING,MISSING,UNASSIGNABLE,,MISSING_SOURCE_OR_CONTEXT,tier not assigned
CLM-43229efd0cd8f2fd58d5,therapeutic,atomic_intervention_claim,sensitivity,evidence:7833,PRESENT_STRUCTURED,PRESENT_STRUCTURED,PRESENT_STRUCTURED,PRESENT_STRUCTURED,MISSING,MISSING,MISSING,MISSING,MISSING,MISSING,MISSING,MISSING,MISSING,MISSING,MISSING,MISSING,MISSING,MISSING,MISSING,MISSING,MISSING,MISSING,UNASSIGNABLE,,MISSING_SOURCE_OR_CONTEXT,tier not assigned
CLM-45252d017284be327abb,therapeutic,atomic_intervention_claim,sensitivity,evidence:1322,PRESENT_STRUCTURED,PRESENT_STRUCTURED,PRESENT_STRUCTURED,PRESENT_STRUCTURED,MISSING,MISSING,MISSING,MISSING,MISSING,MISSING,MISSING,MISSING,MISSING,MISSING,MISSING,MISSING,MISSING,MISSING,MISSING,MISSING,MISSING,MISSING,UNASSIGNABLE,,MISSING_SOURCE_OR_CONTEXT,tier not assigned
CLM-464501e94094614459f5,therapeutic,atomic_intervention_claim,resistance,evidence:1283,PRESENT_STRUCTURED,PRESENT_STRUCTURED,PRESENT_STRUCTURED,PRESENT_STRUCTURED,MISSING,MISSING,MISSING,MISSING,MISSING,MISSING,MISSING,MISSING,MISSING,MISSING,MISSING,MISSING,MISSING,MISSING,MISSING,MISSING,MISSING,MISSING,UNASSIGNABLE,,MISSING_SOURCE_OR_CONTEXT,tier not assigned
CLM-472dd2b146920f5d4bbb,therapeutic,atomic_intervention_claim,sensitivity,evidence:295,PRESENT_STRUCTURED,PRESENT_STRUCTURED,PRESENT_STRUCTURED,PRESENT_STRUCTURED,MISSING,MISSING,MISSING,MISSING,MISSING,MISSING,MISSING,MISSING,MISSING,MISSING,MISSING,MISSING,MISSING,MISSING,MISSING,MISSING,MISSING,MISSING,UNASSIGNABLE,,MISSING_SOURCE_OR_CONTEXT,tier not assigned
CLM-4a89bb28592af7ebaccf,therapeutic,regimen_claim,sensitivity,evidence:12131,PRESENT_STRUCTURED,PRESENT_STRUCTURED,PRESENT_STRUCTURED,PRESENT_STRUCTURED,AMBIGUOUS,PRESENT_STRUCTURED,MISSING,MISSING,MISSING,MISSING,MISSING,MISSING,MISSING,MISSING,MISSING,MISSING,MISSING,PRESENT_STRUCTURED,PRESENT_STRUCTURED,PARENT_LEVEL_ONLY,PRESENT_IN_LOCAL_TEXT,PRESENT_IN_LOCAL_TEXT,PARTIALLY_ASSIGNABLE,,MISSING_FRAMEWORK_RULE,tier not assigned
CLM-4cede62c4212e907fd6b,therapeutic,atomic_intervention_claim,resistance,evidence:11114,PRESENT_STRUCTURED,PRESENT_STRUCTURED,PRESENT_STRUCTURED,PRESENT_STRUCTURED,MISSING,MISSING,MISSING,MISSING,MISSING,MISSING,MISSING,MISSING,MISSING,MISSING,MISSING,MISSING,MISSING,MISSING,MISSING,MISSING,MISSING,MISSING,UNASSIGNABLE,,MISSING_SOURCE_OR_CONTEXT,tier not assigned
CLM-4ffe85304f3ef5533b58,therapeutic,aggregate_intervention_claim,sensitivity,evidence:275,PRESENT_STRUCTURED,PRESENT_STRUCTURED,PRESENT_STRUCTURED,PRESENT_STRUCTURED,AMBIGUOUS,PRESENT_STRUCTURED,MISSING,MISSING,MISSING,MISSING,MISSING,MISSING,MISSING,MISSING,MISSING,MISSING,MISSING,PRESENT_STRUCTURED,PRESENT_STRUCTURED,PARENT_LEVEL_ONLY,PRESENT_IN_LOCAL_TEXT,PRESENT_IN_LOCAL_TEXT,PARTIALLY_ASSIGNABLE,,MISSING_FRAMEWORK_RULE,tier not assigned
CLM-5071bb2d8657ac0fbed0,therapeutic,aggregate_intervention_claim,sensitivity,evidence:1853,PRESENT_STRUCTURED,PRESENT_STRUCTURED,PRESENT_STRUCTURED,PRESENT_STRUCTURED,AMBIGUOUS,PRESENT_STRUCTURED,MISSING,MISSING,MISSING,MISSING,MISSING,MISSING,PRESENT_STRUCTURED,MISSING,MISSING,MISSING,MISSING,PRESENT_STRUCTURED,PRESENT_STRUCTURED,PARENT_LEVEL_ONLY,PRESENT_IN_LOCAL_TEXT,PRESENT_IN_LOCAL_TEXT,PARTIALLY_ASSIGNABLE,,MISSING_FRAMEWORK_RULE,tier not assigned
CLM-54e1fcd65c57bfbf8d04,therapeutic,atomic_intervention_claim,sensitivity,evidence:4291,PRESENT_STRUCTURED,PRESENT_STRUCTURED,PRESENT_STRUCTURED,PRESENT_STRUCTURED,MISSING,MISSING,MISSING,MISSING,MISSING,MISSING,MISSING,MISSING,MISSING,MISSING,MISSING,MISSING,MISSING,MISSING,MISSING,MISSING,MISSING,MISSING,UNASSIGNABLE,,MISSING_SOURCE_OR_CONTEXT,tier not assigned
CLM-5842e19f516c618ca369,therapeutic,atomic_intervention_claim,sensitivity,evidence:6006,PRESENT_STRUCTURED,PRESENT_STRUCTURED,PRESENT_STRUCTURED,PRESENT_STRUCTURED,MISSING,MISSING,MISSING,MISSING,MISSING,MISSING,MISSING,MISSING,MISSING,MISSING,MISSING,MISSING,MISSING,MISSING,MISSING,MISSING,MISSING,MISSING,UNASSIGNABLE,,MISSING_SOURCE_OR_CONTEXT,tier not assigned
CLM-5ce49705979f72f174e9,therapeutic,regimen_claim,sensitivity,evidence:12156,PRESENT_STRUCTURED,PRESENT_STRUCTURED,PRESENT_STRUCTURED,PRESENT_STRUCTURED,AMBIGUOUS,PRESENT_STRUCTURED,MISSING,MISSING,MISSING,MISSING,MISSING,MISSING,MISSING,MISSING,MISSING,MISSING,MISSING,PRESENT_STRUCTURED,PRESENT_STRUCTURED,PARENT_LEVEL_ONLY,PRESENT_IN_LOCAL_TEXT,PRESENT_IN_LOCAL_TEXT,PARTIALLY_ASSIGNABLE,,MISSING_FRAMEWORK_RULE,tier not assigned
CLM-5ce532268b4aa1661311,therapeutic,atomic_intervention_claim,resistance,evidence:841,PRESENT_STRUCTURED,PRESENT_STRUCTURED,PRESENT_STRUCTURED,PRESENT_STRUCTURED,AMBIGUOUS,PRESENT_STRUCTURED,MISSING,MISSING,MISSING,MISSING,MISSING,MISSING,MISSING,MISSING,MISSING,MISSING,MISSING,PRESENT_STRUCTURED,PRESENT_STRUCTURED,PARENT_LEVEL_ONLY,PRESENT_IN_LOCAL_TEXT,PRESENT_IN_LOCAL_TEXT,PARTIALLY_ASSIGNABLE,,MISSING_FRAMEWORK_RULE,tier not assigned
CLM-5dd4a1aa178045142295,therapeutic,atomic_intervention_claim,sensitivity,evidence:7610,PRESENT_STRUCTURED,PRESENT_STRUCTURED,PRESENT_STRUCTURED,PRESENT_STRUCTURED,MISSING,MISSING,MISSING,MISSING,MISSING,MISSING,MISSING,MISSING,MISSING,MISSING,MISSING,MISSING,MISSING,MISSING,MISSING,MISSING,MISSING,MISSING,UNASSIGNABLE,,MISSING_SOURCE_OR_CONTEXT,tier not assigned
CLM-5e39ddbd23c5746264f7,therapeutic,atomic_intervention_claim,resistance,evidence:1333,PRESENT_STRUCTURED,PRESENT_STRUCTURED,PRESENT_STRUCTURED,PRESENT_STRUCTURED,MISSING,MISSING,MISSING,MISSING,MISSING,MISSING,MISSING,MISSING,MISSING,MISSING,MISSING,MISSING,MISSING,MISSING,MISSING,MISSING,MISSING,MISSING,UNASSIGNABLE,,MISSING_SOURCE_OR_CONTEXT,tier not assigned
CLM-6016e0878e055658200e,therapeutic,atomic_intervention_claim,sensitivity,evidence:11324,PRESENT_STRUCTURED,PRESENT_STRUCTURED,PRESENT_STRUCTURED,PRESENT_STRUCTURED,MISSING,MISSING,MISSING,MISSING,MISSING,MISSING,MISSING,MISSING,MISSING,MISSING,MISSING,MISSING,MISSING,MISSING,MISSING,MISSING,MISSING,MISSING,UNASSIGNABLE,,MISSING_SOURCE_OR_CONTEXT,tier not assigned
CLM-623fbb47cebad8976328,therapeutic,atomic_intervention_claim,sensitivity,evidence:966,PRESENT_STRUCTURED,PRESENT_STRUCTURED,PRESENT_STRUCTURED,PRESENT_STRUCTURED,MISSING,MISSING,MISSING,MISSING,MISSING,MISSING,MISSING,MISSING,MISSING,MISSING,MISSING,MISSING,MISSING,MISSING,MISSING,MISSING,MISSING,MISSING,UNASSIGNABLE,,MISSING_SOURCE_OR_CONTEXT,tier not assigned
CLM-641fb301b4c571840857,therapeutic,atomic_intervention_claim,resistance,evidence:236,PRESENT_STRUCTURED,PRESENT_STRUCTURED,PRESENT_STRUCTURED,PRESENT_STRUCTURED,MISSING,MISSING,MISSING,MISSING,MISSING,MISSING,MISSING,MISSING,MISSING,MISSING,MISSING,MISSING,MISSING,MISSING,MISSING,MISSING,MISSING,MISSING,UNASSIGNABLE,,MISSING_SOURCE_OR_CONTEXT,tier not assigned
CLM-6589bbb1c7d0cfd697d6,therapeutic,atomic_intervention_claim,sensitivity,evidence:12370,PRESENT_STRUCTURED,PRESENT_STRUCTURED,PRESENT_STRUCTURED,PRESENT_STRUCTURED,MISSING,MISSING,MISSING,MISSING,MISSING,MISSING,MISSING,MISSING,MISSING,MISSING,MISSING,MISSING,MISSING,MISSING,MISSING,MISSING,MISSING,MISSING,UNASSIGNABLE,,MISSING_SOURCE_OR_CONTEXT,tier not assigned
CLM-66222330cdbcd606ade6,therapeutic,atomic_intervention_claim,resistance,evidence:764,PRESENT_STRUCTURED,PRESENT_STRUCTURED,PRESENT_STRUCTURED,PRESENT_STRUCTURED,MISSING,MISSING,MISSING,MISSING,MISSING,MISSING,MISSING,MISSING,MISSING,MISSING,MISSING,MISSING,MISSING,MISSING,MISSING,MISSING,MISSING,MISSING,UNASSIGNABLE,,MISSING_SOURCE_OR_CONTEXT,tier not assigned
CLM-663000c84d6b985fb719,therapeutic,atomic_intervention_claim,sensitivity,evidence:11599,PRESENT_STRUCTURED,PRESENT_STRUCTURED,PRESENT_STRUCTURED,PRESENT_STRUCTURED,MISSING,MISSING,MISSING,MISSING,MISSING,MISSING,MISSING,MISSING,MISSING,MISSING,MISSING,MISSING,MISSING,MISSING,MISSING,MISSING,MISSING,MISSING,UNASSIGNABLE,,MISSING_SOURCE_OR_CONTEXT,tier not assigned
CLM-671a3db71e52d2725272,therapeutic,atomic_intervention_claim,sensitivity,evidence:11239,PRESENT_STRUCTURED,PRESENT_STRUCTURED,PRESENT_STRUCTURED,PRESENT_STRUCTURED,MISSING,MISSING,MISSING,MISSING,MISSING,MISSING,MISSING,MISSING,MISSING,MISSING,MISSING,MISSING,MISSING,MISSING,MISSING,MISSING,MISSING,MISSING,UNASSIGNABLE,,MISSING_SOURCE_OR_CONTEXT,tier not assigned
CLM-68b84650d65add6c5696,therapeutic,atomic_intervention_claim,sensitivity,evidence:296,PRESENT_STRUCTURED,PRESENT_STRUCTURED,PRESENT_STRUCTURED,PRESENT_STRUCTURED,AMBIGUOUS,PRESENT_STRUCTURED,MISSING,MISSING,MISSING,MISSING,MISSING,MISSING,MISSING,MISSING,MISSING,MISSING,MISSING,PRESENT_STRUCTURED,PRESENT_STRUCTURED,PARENT_LEVEL_ONLY,PRESENT_IN_LOCAL_TEXT,PRESENT_IN_LOCAL_TEXT,PARTIALLY_ASSIGNABLE,,MISSING_FRAMEWORK_RULE,tier not assigned
CLM-697413898b93b6624a8e,therapeutic,atomic_intervention_claim,sensitivity,evidence:3791,PRESENT_STRUCTURED,PRESENT_STRUCTURED,PRESENT_STRUCTURED,PRESENT_STRUCTURED,MISSING,MISSING,MISSING,MISSING,MISSING,MISSING,MISSING,MISSING,MISSING,MISSING,MISSING,MISSING,MISSING,MISSING,MISSING,MISSING,MISSING,MISSING,UNASSIGNABLE,,MISSING_SOURCE_OR_CONTEXT,tier not assigned
CLM-6b6cb6d60b7c31270339,therapeutic,atomic_intervention_claim,sensitivity,evidence:2628,PRESENT_STRUCTURED,PRESENT_STRUCTURED,PRESENT_STRUCTURED,PRESENT_STRUCTURED,MISSING,MISSING,MISSING,MISSING,MISSING,MISSING,MISSING,MISSING,MISSING,MISSING,MISSING,MISSING,MISSING,MISSING,MISSING,MISSING,MISSING,MISSING,UNASSIGNABLE,,MISSING_SOURCE_OR_CONTEXT,tier not assigned
CLM-6dd643580d90e3256418,therapeutic,atomic_intervention_claim,sensitivity,evidence:2634,PRESENT_STRUCTURED,PRESENT_STRUCTURED,PRESENT_STRUCTURED,PRESENT_STRUCTURED,MISSING,MISSING,MISSING,MISSING,MISSING,MISSING,MISSING,MISSING,MISSING,MISSING,MISSING,MISSING,MISSING,MISSING,MISSING,MISSING,MISSING,MISSING,UNASSIGNABLE,,MISSING_SOURCE_OR_CONTEXT,tier not assigned
CLM-6fc5bc547b4e265836c6,therapeutic,atomic_intervention_claim,sensitivity,evidence:9220,PRESENT_STRUCTURED,PRESENT_STRUCTURED,PRESENT_STRUCTURED,PRESENT_STRUCTURED,MISSING,MISSING,MISSING,MISSING,MISSING,MISSING,MISSING,MISSING,MISSING,MISSING,MISSING,MISSING,MISSING,MISSING,MISSING,MISSING,MISSING,MISSING,UNASSIGNABLE,,MISSING_SOURCE_OR_CONTEXT,tier not assigned
CLM-728f11e9dc850967c300,therapeutic,atomic_intervention_claim,resistance,evidence:964,PRESENT_STRUCTURED,PRESENT_STRUCTURED,PRESENT_STRUCTURED,PRESENT_STRUCTURED,MISSING,MISSING,MISSING,MISSING,MISSING,MISSING,MISSING,MISSING,MISSING,MISSING,MISSING,MISSING,MISSING,MISSING,MISSING,MISSING,MISSING,MISSING,UNASSIGNABLE,,MISSING_SOURCE_OR_CONTEXT,tier not assigned
CLM-72a72763b0c1ccf3512c,therapeutic,atomic_intervention_claim,resistance,evidence:4288,PRESENT_STRUCTURED,PRESENT_STRUCTURED,PRESENT_STRUCTURED,PRESENT_STRUCTURED,MISSING,MISSING,MISSING,MISSING,MISSING,MISSING,MISSING,MISSING,MISSING,MISSING,MISSING,MISSING,MISSING,MISSING,MISSING,MISSING,MISSING,MISSING,UNASSIGNABLE,,MISSING_SOURCE_OR_CONTEXT,tier not assigned
CLM-7474a96f6853d8a73357,therapeutic,atomic_intervention_claim,resistance,evidence:1396,PRESENT_STRUCTURED,PRESENT_STRUCTURED,PRESENT_STRUCTURED,PRESENT_STRUCTURED,MISSING,MISSING,MISSING,MISSING,MISSING,MISSING,MISSING,MISSING,MISSING,MISSING,MISSING,MISSING,MISSING,MISSING,MISSING,MISSING,MISSING,MISSING,UNASSIGNABLE,,MISSING_SOURCE_OR_CONTEXT,tier not assigned
CLM-75b47fea10f5fe62aeb9,therapeutic,atomic_intervention_claim,resistance,evidence:1367,PRESENT_STRUCTURED,PRESENT_STRUCTURED,PRESENT_STRUCTURED,PRESENT_STRUCTURED,MISSING,MISSING,MISSING,MISSING,MISSING,MISSING,MISSING,MISSING,MISSING,MISSING,MISSING,MISSING,MISSING,MISSING,MISSING,MISSING,MISSING,MISSING,UNASSIGNABLE,,MISSING_SOURCE_OR_CONTEXT,tier not assigned
CLM-77fca870f09f851d4f72,therapeutic,atomic_intervention_claim,sensitivity,evidence:968,PRESENT_STRUCTURED,PRESENT_STRUCTURED,PRESENT_STRUCTURED,PRESENT_STRUCTURED,MISSING,MISSING,MISSING,MISSING,MISSING,MISSING,MISSING,MISSING,MISSING,MISSING,MISSING,MISSING,MISSING,MISSING,MISSING,MISSING,MISSING,MISSING,UNASSIGNABLE,,MISSING_SOURCE_OR_CONTEXT,tier not assigned
CLM-790948a83c30124a2f34,therapeutic,atomic_intervention_claim,sensitivity,evidence:1867,PRESENT_STRUCTURED,PRESENT_STRUCTURED,PRESENT_STRUCTURED,PRESENT_STRUCTURED,MISSING,MISSING,MISSING,MISSING,MISSING,MISSING,MISSING,MISSING,MISSING,MISSING,MISSING,MISSING,MISSING,MISSING,MISSING,MISSING,MISSING,MISSING,UNASSIGNABLE,,MISSING_SOURCE_OR_CONTEXT,tier not assigned
CLM-7e881311485d27d190e3,therapeutic,atomic_intervention_claim,sensitivity,evidence:6174,PRESENT_STRUCTURED,PRESENT_STRUCTURED,PRESENT_STRUCTURED,PRESENT_STRUCTURED,MISSING,MISSING,MISSING,MISSING,MISSING,MISSING,MISSING,MISSING,MISSING,MISSING,MISSING,MISSING,MISSING,MISSING,MISSING,MISSING,MISSING,MISSING,UNASSIGNABLE,,MISSING_SOURCE_OR_CONTEXT,tier not assigned
CLM-8123f39d601ee9937db7,therapeutic,atomic_intervention_claim,sensitivity,evidence:4290,PRESENT_STRUCTURED,PRESENT_STRUCTURED,PRESENT_STRUCTURED,PRESENT_STRUCTURED,MISSING,MISSING,MISSING,MISSING,MISSING,MISSING,MISSING,MISSING,MISSING,MISSING,MISSING,MISSING,MISSING,MISSING,MISSING,MISSING,MISSING,MISSING,UNASSIGNABLE,,MISSING_SOURCE_OR_CONTEXT,tier not assigned
CLM-843e89b50964ca33770c,therapeutic,atomic_intervention_claim,sensitivity,evidence:4293,PRESENT_STRUCTURED,PRESENT_STRUCTURED,PRESENT_STRUCTURED,PRESENT_STRUCTURED,MISSING,MISSING,MISSING,MISSING,MISSING,MISSING,MISSING,MISSING,MISSING,MISSING,MISSING,MISSING,MISSING,MISSING,MISSING,MISSING,MISSING,MISSING,UNASSIGNABLE,,MISSING_SOURCE_OR_CONTEXT,tier not assigned
CLM-85064970ba814ed52589,therapeutic,atomic_intervention_claim,sensitivity,evidence:5912,PRESENT_STRUCTURED,PRESENT_STRUCTURED,PRESENT_STRUCTURED,PRESENT_STRUCTURED,MISSING,MISSING,MISSING,MISSING,MISSING,MISSING,MISSING,MISSING,MISSING,MISSING,MISSING,MISSING,MISSING,MISSING,MISSING,MISSING,MISSING,MISSING,UNASSIGNABLE,,MISSING_SOURCE_OR_CONTEXT,tier not assigned
CLM-887e2a4a92b7333f70e8,therapeutic,atomic_intervention_claim,sensitivity,evidence:4265,PRESENT_STRUCTURED,PRESENT_STRUCTURED,PRESENT_STRUCTURED,PRESENT_STRUCTURED,MISSING,MISSING,MISSING,MISSING,MISSING,MISSING,MISSING,MISSING,MISSING,MISSING,MISSING,MISSING,MISSING,MISSING,MISSING,MISSING,MISSING,MISSING,UNASSIGNABLE,,MISSING_SOURCE_OR_CONTEXT,tier not assigned
CLM-89ea67ee7946d9ccd552,therapeutic,atomic_intervention_claim,sensitivity,evidence:229,PRESENT_STRUCTURED,PRESENT_STRUCTURED,PRESENT_STRUCTURED,PRESENT_STRUCTURED,AMBIGUOUS,PRESENT_STRUCTURED,MISSING,MISSING,MISSING,MISSING,MISSING,MISSING,MISSING,MISSING,MISSING,MISSING,MISSING,PRESENT_STRUCTURED,PRESENT_STRUCTURED,PARENT_LEVEL_ONLY,PRESENT_IN_LOCAL_TEXT,PRESENT_IN_LOCAL_TEXT,PARTIALLY_ASSIGNABLE,,MISSING_FRAMEWORK_RULE,tier not assigned
CLM-8a0fde4cfe059b58dc01,therapeutic,atomic_intervention_claim,resistance,evidence:11115,PRESENT_STRUCTURED,PRESENT_STRUCTURED,PRESENT_STRUCTURED,PRESENT_STRUCTURED,MISSING,MISSING,MISSING,MISSING,MISSING,MISSING,MISSING,MISSING,MISSING,MISSING,MISSING,MISSING,MISSING,MISSING,MISSING,MISSING,MISSING,MISSING,UNASSIGNABLE,,MISSING_SOURCE_OR_CONTEXT,tier not assigned
CLM-8a72e4c49643e7390ec7,therapeutic,atomic_intervention_claim,resistance,evidence:125,PRESENT_STRUCTURED,PRESENT_STRUCTURED,PRESENT_STRUCTURED,PRESENT_STRUCTURED,MISSING,MISSING,MISSING,MISSING,MISSING,MISSING,MISSING,MISSING,MISSING,MISSING,MISSING,MISSING,MISSING,MISSING,MISSING,MISSING,MISSING,MISSING,UNASSIGNABLE,,MISSING_SOURCE_OR_CONTEXT,tier not assigned
CLM-8c2b38ce2d84f8ce226a,therapeutic,atomic_intervention_claim,resistance,evidence:3015,PRESENT_STRUCTURED,PRESENT_STRUCTURED,PRESENT_STRUCTURED,PRESENT_STRUCTURED,MISSING,MISSING,MISSING,MISSING,MISSING,MISSING,MISSING,MISSING,MISSING,MISSING,MISSING,MISSING,MISSING,MISSING,MISSING,MISSING,MISSING,MISSING,UNASSIGNABLE,,MISSING_SOURCE_OR_CONTEXT,tier not assigned
CLM-8f624d07e5180f958196,therapeutic,atomic_intervention_claim,sensitivity,evidence:4295,PRESENT_STRUCTURED,PRESENT_STRUCTURED,PRESENT_STRUCTURED,PRESENT_STRUCTURED,MISSING,MISSING,MISSING,MISSING,MISSING,MISSING,MISSING,MISSING,MISSING,MISSING,MISSING,MISSING,MISSING,MISSING,MISSING,MISSING,MISSING,MISSING,UNASSIGNABLE,,MISSING_SOURCE_OR_CONTEXT,tier not assigned
CLM-90a501c65b56cac3dfc0,therapeutic,atomic_intervention_claim,sensitivity,evidence:11021,PRESENT_STRUCTURED,PRESENT_STRUCTURED,PRESENT_STRUCTURED,PRESENT_STRUCTURED,MISSING,MISSING,MISSING,MISSING,MISSING,MISSING,MISSING,MISSING,MISSING,MISSING,MISSING,MISSING,MISSING,MISSING,MISSING,MISSING,MISSING,MISSING,UNASSIGNABLE,,MISSING_SOURCE_OR_CONTEXT,tier not assigned
CLM-90e863f00f134fc3cd3d,therapeutic,aggregate_intervention_claim,sensitivity,evidence:1851,PRESENT_STRUCTURED,PRESENT_STRUCTURED,PRESENT_STRUCTURED,PRESENT_STRUCTURED,AMBIGUOUS,PRESENT_STRUCTURED,MISSING,MISSING,MISSING,MISSING,MISSING,MISSING,PRESENT_STRUCTURED,MISSING,MISSING,MISSING,MISSING,PRESENT_STRUCTURED,PRESENT_STRUCTURED,PARENT_LEVEL_ONLY,PRESENT_IN_LOCAL_TEXT,PRESENT_IN_LOCAL_TEXT,PARTIALLY_ASSIGNABLE,,MISSING_FRAMEWORK_RULE,tier not assigned
CLM-91a6761b2d7bb2ab2961,therapeutic,atomic_intervention_claim,sensitivity,evidence:12946,PRESENT_STRUCTURED,PRESENT_STRUCTURED,PRESENT_STRUCTURED,PRESENT_STRUCTURED,MISSING,MISSING,MISSING,MISSING,MISSING,MISSING,MISSING,MISSING,MISSING,MISSING,MISSING,MISSING,MISSING,MISSING,MISSING,MISSING,MISSING,MISSING,UNASSIGNABLE,,MISSING_SOURCE_OR_CONTEXT,tier not assigned
CLM-92d4a7b3921ffd0e4136,therapeutic,atomic_intervention_claim,sensitivity,evidence:9224,PRESENT_STRUCTURED,PRESENT_STRUCTURED,PRESENT_STRUCTURED,PRESENT_STRUCTURED,MISSING,MISSING,MISSING,MISSING,MISSING,MISSING,MISSING,MISSING,MISSING,MISSING,MISSING,MISSING,MISSING,MISSING,MISSING,MISSING,MISSING,MISSING,UNASSIGNABLE,,MISSING_SOURCE_OR_CONTEXT,tier not assigned
CLM-94826841e612786f6ef9,therapeutic,atomic_intervention_claim,resistance,evidence:1339,PRESENT_STRUCTURED,PRESENT_STRUCTURED,PRESENT_STRUCTURED,PRESENT_STRUCTURED,MISSING,MISSING,MISSING,MISSING,MISSING,MISSING,MISSING,MISSING,MISSING,MISSING,MISSING,MISSING,MISSING,MISSING,MISSING,MISSING,MISSING,MISSING,UNASSIGNABLE,,MISSING_SOURCE_OR_CONTEXT,tier not assigned
CLM-9635ae8ef5a3d43f0967,therapeutic,atomic_intervention_claim,sensitivity,evidence:4861,PRESENT_STRUCTURED,PRESENT_STRUCTURED,PRESENT_STRUCTURED,PRESENT_STRUCTURED,MISSING,MISSING,MISSING,MISSING,MISSING,MISSING,MISSING,MISSING,MISSING,MISSING,MISSING,MISSING,MISSING,MISSING,MISSING,MISSING,MISSING,MISSING,UNASSIGNABLE,,MISSING_SOURCE_OR_CONTEXT,tier not assigned
CLM-96c2568e490e57c58ca6,therapeutic,atomic_intervention_claim,resistance,evidence:1346,PRESENT_STRUCTURED,PRESENT_STRUCTURED,PRESENT_STRUCTURED,PRESENT_STRUCTURED,MISSING,MISSING,MISSING,MISSING,MISSING,MISSING,MISSING,MISSING,MISSING,MISSING,MISSING,MISSING,MISSING,MISSING,MISSING,MISSING,MISSING,MISSING,UNASSIGNABLE,,MISSING_SOURCE_OR_CONTEXT,tier not assigned
CLM-975fe52b97e3161ec393,therapeutic,atomic_intervention_claim,sensitivity,evidence:100000,PRESENT_STRUCTURED,PRESENT_STRUCTURED,PRESENT_STRUCTURED,PRESENT_STRUCTURED,MISSING,MISSING,MISSING,MISSING,MISSING,MISSING,MISSING,MISSING,MISSING,MISSING,MISSING,MISSING,MISSING,MISSING,MISSING,MISSING,MISSING,MISSING,UNASSIGNABLE,,MISSING_SOURCE_OR_CONTEXT,tier not assigned
CLM-9809edffaf78c6bd7d9c,therapeutic,atomic_intervention_claim,sensitivity,evidence:4287,PRESENT_STRUCTURED,PRESENT_STRUCTURED,PRESENT_STRUCTURED,PRESENT_STRUCTURED,MISSING,MISSING,MISSING,MISSING,MISSING,MISSING,MISSING,MISSING,MISSING,MISSING,MISSING,MISSING,MISSING,MISSING,MISSING,MISSING,MISSING,MISSING,UNASSIGNABLE,,MISSING_SOURCE_OR_CONTEXT,tier not assigned
CLM-99092a3e4eb93a1319d4,therapeutic,atomic_intervention_claim,sensitivity,evidence:7261,PRESENT_STRUCTURED,PRESENT_STRUCTURED,PRESENT_STRUCTURED,PRESENT_STRUCTURED,MISSING,MISSING,MISSING,MISSING,MISSING,MISSING,MISSING,MISSING,MISSING,MISSING,MISSING,MISSING,MISSING,MISSING,MISSING,MISSING,MISSING,MISSING,UNASSIGNABLE,,MISSING_SOURCE_OR_CONTEXT,tier not assigned
CLM-99ae092a3018b5b91808,therapeutic,atomic_intervention_claim,resistance,evidence:841,PRESENT_STRUCTURED,PRESENT_STRUCTURED,PRESENT_STRUCTURED,PRESENT_STRUCTURED,AMBIGUOUS,PRESENT_STRUCTURED,MISSING,MISSING,MISSING,MISSING,MISSING,MISSING,MISSING,MISSING,MISSING,MISSING,MISSING,PRESENT_STRUCTURED,PRESENT_STRUCTURED,PARENT_LEVEL_ONLY,PRESENT_IN_LOCAL_TEXT,PRESENT_IN_LOCAL_TEXT,PARTIALLY_ASSIGNABLE,,MISSING_FRAMEWORK_RULE,tier not assigned
CLM-9ab06b6945feea941252,therapeutic,atomic_intervention_claim,sensitivity,evidence:11240,PRESENT_STRUCTURED,PRESENT_STRUCTURED,PRESENT_STRUCTURED,PRESENT_STRUCTURED,AMBIGUOUS,PRESENT_STRUCTURED,MISSING,MISSING,MISSING,MISSING,MISSING,MISSING,MISSING,MISSING,MISSING,MISSING,MISSING,PRESENT_STRUCTURED,PRESENT_STRUCTURED,PARENT_LEVEL_ONLY,PRESENT_IN_LOCAL_TEXT,PRESENT_IN_LOCAL_TEXT,PARTIALLY_ASSIGNABLE,,MISSING_FRAMEWORK_RULE,tier not assigned
CLM-9df70499be273bec95fb,therapeutic,atomic_intervention_claim,resistance,evidence:1287,PRESENT_STRUCTURED,PRESENT_STRUCTURED,PRESENT_STRUCTURED,PRESENT_STRUCTURED,MISSING,MISSING,MISSING,MISSING,MISSING,MISSING,MISSING,MISSING,MISSING,MISSING,MISSING,MISSING,MISSING,MISSING,MISSING,MISSING,MISSING,MISSING,UNASSIGNABLE,,MISSING_SOURCE_OR_CONTEXT,tier not assigned
CLM-9eba2ced894851bae9af,therapeutic,atomic_intervention_claim,resistance,evidence:100005,PRESENT_STRUCTURED,PRESENT_STRUCTURED,PRESENT_STRUCTURED,PRESENT_STRUCTURED,MISSING,MISSING,MISSING,MISSING,MISSING,MISSING,MISSING,MISSING,MISSING,MISSING,MISSING,MISSING,MISSING,MISSING,MISSING,MISSING,MISSING,MISSING,UNASSIGNABLE,,MISSING_SOURCE_OR_CONTEXT,tier not assigned
CLM-a20827c84bba1b0473e6,therapeutic,atomic_intervention_claim,sensitivity,evidence:879,PRESENT_STRUCTURED,PRESENT_STRUCTURED,PRESENT_STRUCTURED,PRESENT_STRUCTURED,MISSING,MISSING,MISSING,MISSING,MISSING,MISSING,MISSING,MISSING,MISSING,MISSING,MISSING,MISSING,MISSING,MISSING,MISSING,MISSING,MISSING,MISSING,UNASSIGNABLE,,MISSING_SOURCE_OR_CONTEXT,tier not assigned
CLM-a72d16a37bdcdd84496b,therapeutic,atomic_intervention_claim,sensitivity,evidence:1665,PRESENT_STRUCTURED,PRESENT_STRUCTURED,PRESENT_STRUCTURED,PRESENT_STRUCTURED,MISSING,MISSING,MISSING,MISSING,MISSING,MISSING,MISSING,MISSING,MISSING,MISSING,MISSING,MISSING,MISSING,MISSING,MISSING,MISSING,MISSING,MISSING,UNASSIGNABLE,,MISSING_SOURCE_OR_CONTEXT,tier not assigned
CLM-a756794f4dce5108d62c,therapeutic,atomic_intervention_claim,resistance,evidence:1351,PRESENT_STRUCTURED,PRESENT_STRUCTURED,PRESENT_STRUCTURED,PRESENT_STRUCTURED,MISSING,MISSING,MISSING,MISSING,MISSING,MISSING,MISSING,MISSING,MISSING,MISSING,MISSING,MISSING,MISSING,MISSING,MISSING,MISSING,MISSING,MISSING,UNASSIGNABLE,,MISSING_SOURCE_OR_CONTEXT,tier not assigned
CLM-a7de634d04f61036f3ec,therapeutic,atomic_intervention_claim,resistance,evidence:1350,PRESENT_STRUCTURED,PRESENT_STRUCTURED,PRESENT_STRUCTURED,PRESENT_STRUCTURED,MISSING,MISSING,MISSING,MISSING,MISSING,MISSING,MISSING,MISSING,MISSING,MISSING,MISSING,MISSING,MISSING,MISSING,MISSING,MISSING,MISSING,MISSING,UNASSIGNABLE,,MISSING_SOURCE_OR_CONTEXT,tier not assigned
CLM-a8076dedab5ae6db17c1,therapeutic,atomic_intervention_claim,sensitivity,evidence:4860,PRESENT_STRUCTURED,PRESENT_STRUCTURED,PRESENT_STRUCTURED,PRESENT_STRUCTURED,MISSING,MISSING,MISSING,MISSING,MISSING,MISSING,MISSING,MISSING,MISSING,MISSING,MISSING,MISSING,MISSING,MISSING,MISSING,MISSING,MISSING,MISSING,UNASSIGNABLE,,MISSING_SOURCE_OR_CONTEXT,tier not assigned
CLM-a9c010ef9db01551395e,therapeutic,atomic_intervention_claim,sensitivity,evidence:2626,PRESENT_STRUCTURED,PRESENT_STRUCTURED,PRESENT_STRUCTURED,PRESENT_STRUCTURED,MISSING,MISSING,MISSING,MISSING,MISSING,MISSING,MISSING,MISSING,MISSING,MISSING,MISSING,MISSING,MISSING,MISSING,MISSING,MISSING,MISSING,MISSING,UNASSIGNABLE,,MISSING_SOURCE_OR_CONTEXT,tier not assigned
CLM-ac64c0e56246f6ea29ca,therapeutic,regimen_claim,sensitivity,evidence:11240,PRESENT_STRUCTURED,PRESENT_STRUCTURED,PRESENT_STRUCTURED,PRESENT_STRUCTURED,AMBIGUOUS,PRESENT_STRUCTURED,MISSING,MISSING,MISSING,MISSING,MISSING,MISSING,MISSING,MISSING,MISSING,MISSING,MISSING,PRESENT_STRUCTURED,PRESENT_STRUCTURED,PARENT_LEVEL_ONLY,PRESENT_IN_LOCAL_TEXT,PRESENT_IN_LOCAL_TEXT,PARTIALLY_ASSIGNABLE,,MISSING_FRAMEWORK_RULE,tier not assigned
CLM-af5265811e7ab991e7b1,therapeutic,atomic_intervention_claim,resistance,evidence:1347,PRESENT_STRUCTURED,PRESENT_STRUCTURED,PRESENT_STRUCTURED,PRESENT_STRUCTURED,MISSING,MISSING,MISSING,MISSING,MISSING,MISSING,MISSING,MISSING,MISSING,MISSING,MISSING,MISSING,MISSING,MISSING,MISSING,MISSING,MISSING,MISSING,UNASSIGNABLE,,MISSING_SOURCE_OR_CONTEXT,tier not assigned
CLM-b00c27c6d6a4ae35efb2,therapeutic,atomic_intervention_claim,sensitivity,evidence:11241,PRESENT_STRUCTURED,PRESENT_STRUCTURED,PRESENT_STRUCTURED,PRESENT_STRUCTURED,MISSING,MISSING,MISSING,MISSING,MISSING,MISSING,MISSING,MISSING,MISSING,MISSING,MISSING,MISSING,MISSING,MISSING,MISSING,MISSING,MISSING,MISSING,UNASSIGNABLE,,MISSING_SOURCE_OR_CONTEXT,tier not assigned
CLM-b048b180b566d127f5fc,therapeutic,atomic_intervention_claim,resistance,evidence:444,PRESENT_STRUCTURED,PRESENT_STRUCTURED,PRESENT_STRUCTURED,PRESENT_STRUCTURED,MISSING,MISSING,MISSING,MISSING,MISSING,MISSING,MISSING,MISSING,MISSING,MISSING,MISSING,MISSING,MISSING,MISSING,MISSING,MISSING,MISSING,MISSING,UNASSIGNABLE,,MISSING_SOURCE_OR_CONTEXT,tier not assigned
CLM-b26b5c1d60afee769d70,therapeutic,atomic_intervention_claim,sensitivity,evidence:4286,PRESENT_STRUCTURED,PRESENT_STRUCTURED,PRESENT_STRUCTURED,PRESENT_STRUCTURED,MISSING,MISSING,MISSING,MISSING,MISSING,MISSING,MISSING,MISSING,MISSING,MISSING,MISSING,MISSING,MISSING,MISSING,MISSING,MISSING,MISSING,MISSING,UNASSIGNABLE,,MISSING_SOURCE_OR_CONTEXT,tier not assigned
CLM-b30bfbffc36ec6a23cfc,therapeutic,atomic_intervention_claim,sensitivity,evidence:2997,PRESENT_STRUCTURED,PRESENT_STRUCTURED,PRESENT_STRUCTURED,PRESENT_STRUCTURED,MISSING,MISSING,MISSING,MISSING,MISSING,MISSING,MISSING,MISSING,MISSING,MISSING,MISSING,MISSING,MISSING,MISSING,MISSING,MISSING,MISSING,MISSING,UNASSIGNABLE,,MISSING_SOURCE_OR_CONTEXT,tier not assigned
CLM-b3902ab74a81a89f10e1,therapeutic,atomic_intervention_claim,sensitivity,evidence:2156,PRESENT_STRUCTURED,PRESENT_STRUCTURED,PRESENT_STRUCTURED,PRESENT_STRUCTURED,MISSING,MISSING,MISSING,MISSING,MISSING,MISSING,MISSING,MISSING,MISSING,MISSING,MISSING,MISSING,MISSING,MISSING,MISSING,MISSING,MISSING,MISSING,UNASSIGNABLE,,MISSING_SOURCE_OR_CONTEXT,tier not assigned
CLM-b9ff9e1341e5d8d5a432,therapeutic,atomic_intervention_claim,sensitivity,evidence:1605,PRESENT_STRUCTURED,PRESENT_STRUCTURED,PRESENT_STRUCTURED,PRESENT_STRUCTURED,MISSING,MISSING,MISSING,MISSING,MISSING,MISSING,MISSING,MISSING,MISSING,MISSING,MISSING,MISSING,MISSING,MISSING,MISSING,MISSING,MISSING,MISSING,UNASSIGNABLE,,MISSING_SOURCE_OR_CONTEXT,tier not assigned
CLM-bb07eb0bc70569e770c3,therapeutic,atomic_intervention_claim,resistance,evidence:4046,PRESENT_STRUCTURED,PRESENT_STRUCTURED,PRESENT_STRUCTURED,PRESENT_STRUCTURED,MISSING,MISSING,MISSING,MISSING,MISSING,MISSING,MISSING,MISSING,MISSING,MISSING,MISSING,MISSING,MISSING,MISSING,MISSING,MISSING,MISSING,MISSING,UNASSIGNABLE,,MISSING_SOURCE_OR_CONTEXT,tier not assigned
CLM-bb1e5f41161741c74f0d,therapeutic,atomic_intervention_claim,sensitivity,evidence:10325,PRESENT_STRUCTURED,PRESENT_STRUCTURED,PRESENT_STRUCTURED,PRESENT_STRUCTURED,MISSING,MISSING,MISSING,MISSING,MISSING,MISSING,MISSING,MISSING,MISSING,MISSING,MISSING,MISSING,MISSING,MISSING,MISSING,MISSING,MISSING,MISSING,UNASSIGNABLE,,MISSING_SOURCE_OR_CONTEXT,tier not assigned
CLM-bd4e24be0a4719119976,therapeutic,atomic_intervention_claim,resistance,evidence:1483,PRESENT_STRUCTURED,PRESENT_STRUCTURED,PRESENT_STRUCTURED,PRESENT_STRUCTURED,AMBIGUOUS,PRESENT_STRUCTURED,MISSING,MISSING,MISSING,MISSING,MISSING,MISSING,MISSING,MISSING,MISSING,MISSING,MISSING,PRESENT_STRUCTURED,PRESENT_STRUCTURED,PARENT_LEVEL_ONLY,PRESENT_IN_LOCAL_TEXT,PRESENT_IN_LOCAL_TEXT,PARTIALLY_ASSIGNABLE,,MISSING_FRAMEWORK_RULE,tier not assigned
CLM-beb05cb9a445538bb755,therapeutic,atomic_intervention_claim,sensitivity,evidence:1913,PRESENT_STRUCTURED,PRESENT_STRUCTURED,PRESENT_STRUCTURED,PRESENT_STRUCTURED,MISSING,MISSING,MISSING,MISSING,MISSING,MISSING,MISSING,MISSING,MISSING,MISSING,MISSING,MISSING,MISSING,MISSING,MISSING,MISSING,MISSING,MISSING,UNASSIGNABLE,,MISSING_SOURCE_OR_CONTEXT,tier not assigned
CLM-c069e118a976c0332c60,therapeutic,atomic_intervention_claim,sensitivity,evidence:8173,PRESENT_STRUCTURED,PRESENT_STRUCTURED,PRESENT_STRUCTURED,PRESENT_STRUCTURED,MISSING,MISSING,MISSING,MISSING,MISSING,MISSING,MISSING,MISSING,MISSING,MISSING,MISSING,MISSING,MISSING,MISSING,MISSING,MISSING,MISSING,MISSING,UNASSIGNABLE,,MISSING_SOURCE_OR_CONTEXT,tier not assigned
CLM-c0b6cac2d322040eefe6,therapeutic,atomic_intervention_claim,sensitivity,evidence:2632,PRESENT_STRUCTURED,PRESENT_STRUCTURED,PRESENT_STRUCTURED,PRESENT_STRUCTURED,MISSING,MISSING,MISSING,MISSING,MISSING,MISSING,MISSING,MISSING,MISSING,MISSING,MISSING,MISSING,MISSING,MISSING,MISSING,MISSING,MISSING,MISSING,UNASSIGNABLE,,MISSING_SOURCE_OR_CONTEXT,tier not assigned
CLM-c2298624bea1ba7fac45,therapeutic,atomic_intervention_claim,resistance,evidence:4620,PRESENT_STRUCTURED,PRESENT_STRUCTURED,PRESENT_STRUCTURED,PRESENT_STRUCTURED,MISSING,MISSING,MISSING,MISSING,MISSING,MISSING,MISSING,MISSING,MISSING,MISSING,MISSING,MISSING,MISSING,MISSING,MISSING,MISSING,MISSING,MISSING,UNASSIGNABLE,,MISSING_SOURCE_OR_CONTEXT,tier not assigned
CLM-c7f106007dced3b3dec7,therapeutic,atomic_intervention_claim,resistance,evidence:843,PRESENT_STRUCTURED,PRESENT_STRUCTURED,PRESENT_STRUCTURED,PRESENT_STRUCTURED,MISSING,MISSING,MISSING,MISSING,MISSING,MISSING,MISSING,MISSING,MISSING,MISSING,MISSING,MISSING,MISSING,MISSING,MISSING,MISSING,MISSING,MISSING,UNASSIGNABLE,,MISSING_SOURCE_OR_CONTEXT,tier not assigned
CLM-c8f2a725bf5cfc8e98ca,therapeutic,atomic_intervention_claim,sensitivity,evidence:1592,PRESENT_STRUCTURED,PRESENT_STRUCTURED,PRESENT_STRUCTURED,PRESENT_STRUCTURED,MISSING,MISSING,MISSING,MISSING,MISSING,MISSING,MISSING,MISSING,MISSING,MISSING,MISSING,MISSING,MISSING,MISSING,MISSING,MISSING,MISSING,MISSING,UNASSIGNABLE,,MISSING_SOURCE_OR_CONTEXT,tier not assigned
CLM-cf53824b662b10f776df,therapeutic,atomic_intervention_claim,resistance,evidence:1286,PRESENT_STRUCTURED,PRESENT_STRUCTURED,PRESENT_STRUCTURED,PRESENT_STRUCTURED,MISSING,MISSING,MISSING,MISSING,MISSING,MISSING,MISSING,MISSING,MISSING,MISSING,MISSING,MISSING,MISSING,MISSING,MISSING,MISSING,MISSING,MISSING,UNASSIGNABLE,,MISSING_SOURCE_OR_CONTEXT,tier not assigned
CLM-d2a8d38b226371178d2a,therapeutic,atomic_intervention_claim,sensitivity,evidence:2631,PRESENT_STRUCTURED,PRESENT_STRUCTURED,PRESENT_STRUCTURED,PRESENT_STRUCTURED,MISSING,MISSING,MISSING,MISSING,MISSING,MISSING,MISSING,MISSING,MISSING,MISSING,MISSING,MISSING,MISSING,MISSING,MISSING,MISSING,MISSING,MISSING,UNASSIGNABLE,,MISSING_SOURCE_OR_CONTEXT,tier not assigned
CLM-d3828905e361102a59a0,therapeutic,atomic_intervention_claim,sensitivity,evidence:1920,PRESENT_STRUCTURED,PRESENT_STRUCTURED,PRESENT_STRUCTURED,PRESENT_STRUCTURED,MISSING,MISSING,MISSING,MISSING,MISSING,MISSING,MISSING,MISSING,MISSING,MISSING,MISSING,MISSING,MISSING,MISSING,MISSING,MISSING,MISSING,MISSING,UNASSIGNABLE,,MISSING_SOURCE_OR_CONTEXT,tier not assigned
CLM-d3951a629938118cac1b,therapeutic,atomic_intervention_claim,resistance,evidence:1354,PRESENT_STRUCTURED,PRESENT_STRUCTURED,PRESENT_STRUCTURED,PRESENT_STRUCTURED,MISSING,MISSING,MISSING,MISSING,MISSING,MISSING,MISSING,MISSING,MISSING,MISSING,MISSING,MISSING,MISSING,MISSING,MISSING,MISSING,MISSING,MISSING,UNASSIGNABLE,,MISSING_SOURCE_OR_CONTEXT,tier not assigned
CLM-d4bee44e07efb6ccca9f,therapeutic,atomic_intervention_claim,sensitivity,evidence:12015,PRESENT_STRUCTURED,PRESENT_STRUCTURED,PRESENT_STRUCTURED,PRESENT_STRUCTURED,MISSING,MISSING,MISSING,MISSING,MISSING,MISSING,MISSING,MISSING,MISSING,MISSING,MISSING,MISSING,MISSING,MISSING,MISSING,MISSING,MISSING,MISSING,UNASSIGNABLE,,MISSING_SOURCE_OR_CONTEXT,tier not assigned
CLM-d647e4283d6f94402b1d,therapeutic,atomic_intervention_claim,sensitivity,evidence:12372,PRESENT_STRUCTURED,PRESENT_STRUCTURED,PRESENT_STRUCTURED,PRESENT_STRUCTURED,MISSING,MISSING,MISSING,MISSING,MISSING,MISSING,MISSING,MISSING,MISSING,MISSING,MISSING,MISSING,MISSING,MISSING,MISSING,MISSING,MISSING,MISSING,UNASSIGNABLE,,MISSING_SOURCE_OR_CONTEXT,tier not assigned
CLM-d9119121edc4643c966f,therapeutic,atomic_intervention_claim,resistance,evidence:1337,PRESENT_STRUCTURED,PRESENT_STRUCTURED,PRESENT_STRUCTURED,PRESENT_STRUCTURED,MISSING,MISSING,MISSING,MISSING,MISSING,MISSING,MISSING,MISSING,MISSING,MISSING,MISSING,MISSING,MISSING,MISSING,MISSING,MISSING,MISSING,MISSING,UNASSIGNABLE,,MISSING_SOURCE_OR_CONTEXT,tier not assigned
CLM-dce0280ba32faf2db9c9,therapeutic,atomic_intervention_claim,sensitivity,evidence:1917,PRESENT_STRUCTURED,PRESENT_STRUCTURED,PRESENT_STRUCTURED,PRESENT_STRUCTURED,MISSING,MISSING,MISSING,MISSING,MISSING,MISSING,MISSING,MISSING,MISSING,MISSING,MISSING,MISSING,MISSING,MISSING,MISSING,MISSING,MISSING,MISSING,UNASSIGNABLE,,MISSING_SOURCE_OR_CONTEXT,tier not assigned
CLM-dd924bc0aac50b2d0eff,therapeutic,atomic_intervention_claim,resistance,evidence:441,PRESENT_STRUCTURED,PRESENT_STRUCTURED,PRESENT_STRUCTURED,PRESENT_STRUCTURED,MISSING,MISSING,MISSING,MISSING,MISSING,MISSING,MISSING,MISSING,MISSING,MISSING,MISSING,MISSING,MISSING,MISSING,MISSING,MISSING,MISSING,MISSING,UNASSIGNABLE,,MISSING_SOURCE_OR_CONTEXT,tier not assigned
CLM-dda6b2c59b86fba7999a,therapeutic,atomic_intervention_claim,sensitivity,evidence:965,PRESENT_STRUCTURED,PRESENT_STRUCTURED,PRESENT_STRUCTURED,PRESENT_STRUCTURED,MISSING,MISSING,MISSING,MISSING,MISSING,MISSING,MISSING,MISSING,MISSING,MISSING,MISSING,MISSING,MISSING,MISSING,MISSING,MISSING,MISSING,MISSING,UNASSIGNABLE,,MISSING_SOURCE_OR_CONTEXT,tier not assigned
CLM-e021f20401b48e016f8e,therapeutic,atomic_intervention_claim,resistance,evidence:443,PRESENT_STRUCTURED,PRESENT_STRUCTURED,PRESENT_STRUCTURED,PRESENT_STRUCTURED,MISSING,MISSING,MISSING,MISSING,MISSING,MISSING,MISSING,MISSING,MISSING,MISSING,MISSING,MISSING,MISSING,MISSING,MISSING,MISSING,MISSING,MISSING,UNASSIGNABLE,,MISSING_SOURCE_OR_CONTEXT,tier not assigned
CLM-e13e6bfa052b0b6f49fe,therapeutic,atomic_intervention_claim,sensitivity,evidence:2994,PRESENT_STRUCTURED,PRESENT_STRUCTURED,PRESENT_STRUCTURED,PRESENT_STRUCTURED,MISSING,MISSING,MISSING,MISSING,MISSING,MISSING,MISSING,MISSING,MISSING,MISSING,MISSING,MISSING,MISSING,MISSING,MISSING,MISSING,MISSING,MISSING,UNASSIGNABLE,,MISSING_SOURCE_OR_CONTEXT,tier not assigned
CLM-e5528b1323d1f69569d3,therapeutic,atomic_intervention_claim,sensitivity,evidence:1990,PRESENT_STRUCTURED,PRESENT_STRUCTURED,PRESENT_STRUCTURED,PRESENT_STRUCTURED,MISSING,MISSING,MISSING,MISSING,MISSING,MISSING,MISSING,MISSING,MISSING,MISSING,MISSING,MISSING,MISSING,MISSING,MISSING,MISSING,MISSING,MISSING,UNASSIGNABLE,,MISSING_SOURCE_OR_CONTEXT,tier not assigned
CLM-e565f65d73cb1d4aa67b,therapeutic,atomic_intervention_claim,sensitivity,evidence:2624,PRESENT_STRUCTURED,PRESENT_STRUCTURED,PRESENT_STRUCTURED,PRESENT_STRUCTURED,MISSING,MISSING,MISSING,MISSING,MISSING,MISSING,MISSING,MISSING,MISSING,MISSING,MISSING,MISSING,MISSING,MISSING,MISSING,MISSING,MISSING,MISSING,UNASSIGNABLE,,MISSING_SOURCE_OR_CONTEXT,tier not assigned
CLM-e6efb45289099d321caa,therapeutic,atomic_intervention_claim,sensitivity,evidence:11230,PRESENT_STRUCTURED,PRESENT_STRUCTURED,PRESENT_STRUCTURED,PRESENT_STRUCTURED,MISSING,MISSING,MISSING,MISSING,MISSING,MISSING,MISSING,MISSING,MISSING,MISSING,MISSING,MISSING,MISSING,MISSING,MISSING,MISSING,MISSING,MISSING,UNASSIGNABLE,,MISSING_SOURCE_OR_CONTEXT,tier not assigned
CLM-e7f967d807f506a1c878,therapeutic,atomic_intervention_claim,resistance,evidence:1348,PRESENT_STRUCTURED,PRESENT_STRUCTURED,PRESENT_STRUCTURED,PRESENT_STRUCTURED,MISSING,MISSING,MISSING,MISSING,MISSING,MISSING,MISSING,MISSING,MISSING,MISSING,MISSING,MISSING,MISSING,MISSING,MISSING,MISSING,MISSING,MISSING,UNASSIGNABLE,,MISSING_SOURCE_OR_CONTEXT,tier not assigned
CLM-ea3f6c4227ec08639404,therapeutic,atomic_intervention_claim,sensitivity,evidence:12547,PRESENT_STRUCTURED,PRESENT_STRUCTURED,PRESENT_STRUCTURED,PRESENT_STRUCTURED,MISSING,MISSING,MISSING,MISSING,MISSING,MISSING,MISSING,MISSING,MISSING,MISSING,MISSING,MISSING,MISSING,MISSING,MISSING,MISSING,MISSING,MISSING,UNASSIGNABLE,,MISSING_SOURCE_OR_CONTEXT,tier not assigned
CLM-eaf9d60d304136d89a18,therapeutic,atomic_intervention_claim,resistance,evidence:442,PRESENT_STRUCTURED,PRESENT_STRUCTURED,PRESENT_STRUCTURED,PRESENT_STRUCTURED,MISSING,MISSING,MISSING,MISSING,MISSING,MISSING,MISSING,MISSING,MISSING,MISSING,MISSING,MISSING,MISSING,MISSING,MISSING,MISSING,MISSING,MISSING,UNASSIGNABLE,,MISSING_SOURCE_OR_CONTEXT,tier not assigned
CLM-eba06f8e66bfc2749100,therapeutic,atomic_intervention_claim,sensitivity,evidence:4284,PRESENT_STRUCTURED,PRESENT_STRUCTURED,PRESENT_STRUCTURED,PRESENT_STRUCTURED,MISSING,MISSING,MISSING,MISSING,MISSING,MISSING,MISSING,MISSING,MISSING,MISSING,MISSING,MISSING,MISSING,MISSING,MISSING,MISSING,MISSING,MISSING,UNASSIGNABLE,,MISSING_SOURCE_OR_CONTEXT,tier not assigned
CLM-f099dc5a29b516efbd00,therapeutic,atomic_intervention_claim,sensitivity,evidence:967,PRESENT_STRUCTURED,PRESENT_STRUCTURED,PRESENT_STRUCTURED,PRESENT_STRUCTURED,MISSING,MISSING,MISSING,MISSING,MISSING,MISSING,MISSING,MISSING,MISSING,MISSING,MISSING,MISSING,MISSING,MISSING,MISSING,MISSING,MISSING,MISSING,UNASSIGNABLE,,MISSING_SOURCE_OR_CONTEXT,tier not assigned
CLM-f1f6b860aca2c8c08690,therapeutic,atomic_intervention_claim,resistance,evidence:763,PRESENT_STRUCTURED,PRESENT_STRUCTURED,PRESENT_STRUCTURED,PRESENT_STRUCTURED,MISSING,MISSING,MISSING,MISSING,MISSING,MISSING,MISSING,MISSING,MISSING,MISSING,MISSING,MISSING,MISSING,MISSING,MISSING,MISSING,MISSING,MISSING,UNASSIGNABLE,,MISSING_SOURCE_OR_CONTEXT,tier not assigned
CLM-f52eacf8dde60d7af27f,therapeutic,atomic_intervention_claim,sensitivity,evidence:2627,PRESENT_STRUCTURED,PRESENT_STRUCTURED,PRESENT_STRUCTURED,PRESENT_STRUCTURED,MISSING,MISSING,MISSING,MISSING,MISSING,MISSING,MISSING,MISSING,MISSING,MISSING,MISSING,MISSING,MISSING,MISSING,MISSING,MISSING,MISSING,MISSING,UNASSIGNABLE,,MISSING_SOURCE_OR_CONTEXT,tier not assigned
CLM-f540c99392aa5b560a22,therapeutic,atomic_intervention_claim,resistance,evidence:48,PRESENT_STRUCTURED,PRESENT_STRUCTURED,PRESENT_STRUCTURED,PRESENT_STRUCTURED,MISSING,MISSING,MISSING,MISSING,MISSING,MISSING,MISSING,MISSING,MISSING,MISSING,MISSING,MISSING,MISSING,MISSING,MISSING,MISSING,MISSING,MISSING,UNASSIGNABLE,,MISSING_SOURCE_OR_CONTEXT,tier not assigned
CLM-f59008ae6c2098dde866,therapeutic,atomic_intervention_claim,sensitivity,evidence:1912,PRESENT_STRUCTURED,PRESENT_STRUCTURED,PRESENT_STRUCTURED,PRESENT_STRUCTURED,MISSING,MISSING,MISSING,MISSING,MISSING,MISSING,MISSING,MISSING,MISSING,MISSING,MISSING,MISSING,MISSING,MISSING,MISSING,MISSING,MISSING,MISSING,UNASSIGNABLE,,MISSING_SOURCE_OR_CONTEXT,tier not assigned
CLM-f62d35819669db1e4d34,therapeutic,atomic_intervention_claim,sensitivity,evidence:9221,PRESENT_STRUCTURED,PRESENT_STRUCTURED,PRESENT_STRUCTURED,PRESENT_STRUCTURED,MISSING,MISSING,MISSING,MISSING,MISSING,MISSING,MISSING,MISSING,MISSING,MISSING,MISSING,MISSING,MISSING,MISSING,MISSING,MISSING,MISSING,MISSING,UNASSIGNABLE,,MISSING_SOURCE_OR_CONTEXT,tier not assigned
CLM-fb324f3b5bad9559e397,therapeutic,atomic_intervention_claim,sensitivity,evidence:9223,PRESENT_STRUCTURED,PRESENT_STRUCTURED,PRESENT_STRUCTURED,PRESENT_STRUCTURED,MISSING,MISSING,MISSING,MISSING,MISSING,MISSING,MISSING,MISSING,MISSING,MISSING,MISSING,MISSING,MISSING,MISSING,MISSING,MISSING,MISSING,MISSING,UNASSIGNABLE,,MISSING_SOURCE_OR_CONTEXT,tier not assigned
CLM-feddcbb26716bd36627e,therapeutic,atomic_intervention_claim,resistance,evidence:1357,PRESENT_STRUCTURED,PRESENT_STRUCTURED,PRESENT_STRUCTURED,PRESENT_STRUCTURED,MISSING,MISSING,MISSING,MISSING,MISSING,MISSING,MISSING,MISSING,MISSING,MISSING,MISSING,MISSING,MISSING,MISSING,MISSING,MISSING,MISSING,MISSING,UNASSIGNABLE,,MISSING_SOURCE_OR_CONTEXT,tier not assigned
CLM-8941c177da91f66ff93a,diagnostic,diagnostic_claim,diagnostic,evidence:1846,PRESENT_STRUCTURED,PRESENT_STRUCTURED,NOT_APPLICABLE,PRESENT_STRUCTURED,AMBIGUOUS,NOT_APPLICABLE,MISSING,MISSING,MISSING,MISSING,MISSING,MISSING,MISSING,MISSING,MISSING,MISSING,MISSING,PRESENT_STRUCTURED,PRESENT_STRUCTURED,PRESENT_STRUCTURED,PRESENT_IN_LOCAL_TEXT,PRESENT_IN_LOCAL_TEXT,NOT_APPLICABLE,,NOT_APPLICABLE_DIAGNOSTIC,tier not assigned
CLM-a7e1c40b794d2c4d4ca8,diagnostic,diagnostic_claim,diagnostic,evidence:1847,PRESENT_STRUCTURED,PRESENT_STRUCTURED,NOT_APPLICABLE,PRESENT_STRUCTURED,AMBIGUOUS,NOT_APPLICABLE,MISSING,MISSING,MISSING,MISSING,MISSING,MISSING,MISSING,MISSING,MISSING,MISSING,MISSING,PRESENT_STRUCTURED,PRESENT_STRUCTURED,PRESENT_STRUCTURED,PRESENT_IN_LOCAL_TEXT,PRESENT_IN_LOCAL_TEXT,NOT_APPLICABLE,,NOT_APPLICABLE_DIAGNOSTIC,tier not assigned
