evidence_id,disease_id
1,1
2,2
4,3
5,4
6,4
7,5
8,6
10,7
11,3
12,7
13,7
14,7
15,2
16,2
17,8
18,3
19,9
20,9
21,7
22,7
23,7
24,3
25,3
26,3
27,10
30,7
31,3
32,11
33,8
34,7
35,8
36,10
37,12
38,12
39,13
40,8
41,8
42,7
43,2
44,2
45,2
46,2
47,2
48,12
49,3
50,3
51,3
52,3
53,2
56,3
57,3
58,7
61,3
62,3
63,3
64,3
65,3
66,3
67,3
68,3
69,3
70,2
71,7
73,7
74,14
75,14
76,14
77,14
78,14
79,15
80,16
82,7
83,10
86,7
87,10
88,10
89,10
90,7
91,17
92,10
93,7
94,7
95,7
96,10
97,7
98,10
99,10
102,16
103,10
104,7
105,16
106,16
107,16
108,18
109,3
110,3
111,3
112,3
113,3
114,3
115,3
116,3
117,3
118,3
119,3
120,3
122,3
123,10
124,10
125,12
126,10
127,3
128,3
129,3
130,3
131,3
134,10
135,10
136,10
137,3
138,10
139,3
141,8
142,12
143,12
144,19
145,10
146,3
147,3
148,3
149,3
150,3
151,3
152,3
153,3
154,8
155,19
156,3
157,3
158,3
159,3
160,3
162,3
163,3
165,3
166,3
167,3
168,3
169,3
170,3
171,3
172,20
173,3
174,3
175,3
176,3
177,3
179,3
180,3
181,3
182,3
183,3
184,3
185,3
186,3
187,3
188,3
189,3
190,3
191,3
192,3
193,3
194,10
195,3
196,3
198,3
199,3
201,3
202,3
203,3
204,3
205,3
206,3
210,3
211,21
212,21
213,4
214,3
215,8
219,22
220,4
221,23
222,3
223,3
224,3
225,2
227,24
228,24
229,8
231,23
232,3
233,4
234,4
235,4
236,17
237,17
238,8
239,8
240,8
241,23
242,23
243,23
244,23
245,23
246,23
247,3
248,3
249,2
250,10
251,17
258,10
259,3
260,4
261,4
262,17
263,25
264,26
266,13
267,8
268,8
269,8
270,8
271,8
272,8
273,8
274,8
275,8
276,8
277,8
278,8
279,23
280,23
281,23
282,23
283,23
284,23
285,23
286,23
287,23
288,23
289,23
290,23
291,23
292,23
293,23
294,23
295,27
296,27
297,3
298,3
299,3
301,17
302,28
303,8
304,2
305,8
306,10
307,20
308,20
309,20
310,23
311,23
314,23
316,29
317,23
319,23
320,30
322,3
323,3
324,3
327,3
328,3
329,31
330,31
331,3
332,31
333,2
334,24
336,10
337,8
338,3
339,31
340,3
342,8
343,20
344,4
347,8
348,32
349,20
350,3
352,31
354,8
355,8
356,23
357,33
358,34
359,22
360,22
361,22
362,22
363,23
365,35
367,8
368,8
369,8
370,8
371,3
372,3
373,3
374,31
375,3
376,2
377,36
378,8
380,8
381,8
382,8
383,8
384,10
387,10
388,10
389,23
390,23
391,23
392,23
393,23
395,23
396,23
397,23
398,23
399,23
400,31
401,31
403,37
405,38
407,39
408,39
409,39
411,3
412,40
413,8
414,40
415,3
416,41
417,31
418,42
419,3
420,42
421,3
422,42
423,39
425,31
426,3
427,3
428,42
429,3
430,3
431,43
432,39
433,44
435,44
436,45
439,7
440,8
441,8
442,8
443,8
444,8
445,46
446,10
447,40
448,47
449,3
450,3
451,3
452,20
453,7
454,13
455,48
456,49
457,50
458,51
459,42
460,52
461,42
462,16
463,36
464,53
465,53
466,41
467,3
468,3
469,54
470,55
471,56
472,33
473,33
474,57
475,43
476,47
477,19
478,43
479,58
480,20
481,32
482,20
483,32
484,59
485,4
486,60
487,36
488,36
489,36
490,61
491,20
492,23
493,23
494,34
495,45
496,36
497,62
498,62
499,52
500,23
501,23
502,23
503,23
504,63
505,64
506,10
507,40
508,37
509,3
510,45
511,65
512,66
513,17
514,67
515,68
516,20
517,33
518,33
519,69
520,59
521,31
522,70
523,33
524,33
525,33
526,33
527,17
528,71
529,71
531,13
532,38
622,65
623,72
624,59
625,37
626,37
627,73
628,73
629,59
630,54
631,54
632,54
633,54
635,54
636,54
637,4
638,4
639,4
640,59
641,74
642,24
644,19
645,23
646,8
647,40
648,40
649,75
650,40
651,2
652,2
654,2
655,16
656,16
657,15
658,15
659,8
660,41
661,76
662,53
664,53
665,77
666,67
667,37
668,10
669,22
670,10
671,21
672,8
673,78
674,21
675,8
676,79
677,8
678,10
679,21
680,80
681,24
682,80
683,80
684,8
685,13
686,8
687,80
688,8
689,63
690,81
691,33
692,33
693,8
694,33
695,33
696,33
697,33
698,17
699,10
700,13
701,8
702,80
703,72
704,7
705,19
706,23
707,7
708,7
709,23
710,23
711,23
712,7
713,7
714,13
715,23
716,23
717,10
718,10
719,10
720,33
722,7
723,7
724,7
725,7
726,7
727,7
728,7
729,10
730,10
731,13
732,3
733,8
734,23
735,8
736,13
737,8
738,2
739,82
740,23
741,81
742,17
743,8
744,12
745,83
746,84
747,84
748,83
749,83
750,8
751,40
752,21
753,33
754,38
755,84
756,53
757,7
758,85
759,85
760,23
761,71
762,8
763,8
764,8
765,8
766,8
767,8
770,7
771,10
772,20
773,20
774,20
775,20
776,33
777,10
778,21
779,8
780,8
781,8
782,33
783,69
784,69
785,33
786,10
787,10
788,10
789,10
791,33
792,8
793,23
794,8
795,8
796,86
797,17
798,33
799,33
800,63
801,19
803,19
804,33
805,13
806,10
807,87
808,40
809,19
810,19
811,10
812,10
813,8
814,8
815,21
816,10
817,33
818,10
819,21
820,21
821,24
822,20
823,23
824,10
825,13
826,33
827,88
828,88
829,52
830,78
831,89
832,8
835,8
836,17
837,8
838,8
839,90
840,4
841,8
842,8
843,8
844,8
845,40
846,33
848,33
849,33
850,63
851,23
852,10
853,10
854,10
855,91
856,26
857,23
858,23
859,23
860,23
861,13
862,13
863,40
864,63
865,92
866,10
867,23
868,23
869,23
870,10
871,8
872,33
873,7
874,8
875,10
876,81
878,63
879,17
880,17
881,8
882,17
883,17
884,8
885,8
886,93
887,71
888,10
889,33
890,80
891,23
892,81
893,81
894,81
895,10
896,10
897,13
898,8
899,34
900,34
901,23
902,10
903,17
904,8
905,10
906,94
907,8
908,40
909,23
910,21
911,10
912,10
913,13
914,10
915,10
916,95
917,95
918,63
919,2
920,13
921,23
922,8
923,8
924,96
925,40
926,97
927,23
928,23
929,63
930,63
931,8
932,10
933,98
934,13
935,13
936,13
937,95
938,95
939,92
940,24
941,24
942,21
943,10
944,8
945,8
946,63
947,10
948,8
949,63
950,99
951,23
952,8
953,21
954,8
955,23
956,10
957,100
958,76
959,17
960,8
961,71
962,65
963,8
964,8
965,8
966,8
967,8
968,8
969,8
970,33
971,20
972,23
973,23
974,10
975,8
976,101
977,8
978,10
979,61
980,101
981,17
982,17
983,17
984,19
985,68
986,102
987,8
988,10
989,8
990,65
991,10
992,8
993,10
994,7
995,7
996,7
997,8
998,10
999,8
1000,7
1001,10
1002,12
1003,65
1004,10
1005,7
1006,23
1007,71
1008,71
1009,71
1011,71
1012,71
1013,71
1014,45
1015,44
1016,40
1017,101
1018,3
1019,17
1020,10
1021,10
1022,63
1023,63
1024,81
1025,81
1027,3
1028,103
1029,104
1030,8
1031,65
1032,10
1033,10
1034,96
1035,105
1036,3
1037,3
1038,3
1039,3
1040,3
1041,8
1042,8
1043,17
1044,106
1045,17
1047,107
1048,17
1050,8
1051,63
1052,63
1053,108
1054,108
1055,17
1057,10
1058,10
1059,97
1060,8
1061,40
1062,40
1063,109
1064,109
1065,109
1066,109
1067,109
1068,109
1069,109
1070,109
1071,110
1072,109
1073,109
1074,109
1075,23
1076,23
1077,71
1078,10
1079,10
1080,10
1081,10
1082,10
1083,10
1084,23
1085,23
1086,23
1087,71
1088,71
1089,111
1090,29
1091,29
1092,29
1093,29
1094,29
1095,8
1096,112
1097,112
1098,81
1099,83
1100,17
1101,8
1102,3
1103,3
1104,113
1105,23
1106,114
1107,114
1108,115
1109,29
1110,115
1111,23
1112,29
1113,71
1114,33
1115,33
1116,33
1117,92
1118,92
1119,10
1120,10
1121,116
1122,71
1123,23
1124,21
1125,17
1127,117
1128,20
1129,20
1131,118
1132,71
1133,71
1135,51
1136,3
1137,3
1138,7
1139,10
1140,13
1141,13
1142,8
1143,8
1144,8
1145,8
1146,8
1147,8
1148,8
1149,8
1150,8
1151,8
1152,13
1153,13
1155,33
1156,119
1157,119
1158,101
1159,71
1160,71
1161,17
1162,63
1163,63
1164,10
1165,13
1166,13
1167,8
1168,8
1169,120
1170,96
1171,17
1172,8
1173,13
1174,76
1175,8
1176,76
1177,76
1178,76
1179,76
1180,10
1181,10
1182,10
1183,13
1184,121
1185,17
1186,17
1187,8
1188,8
1189,8
1190,8
1191,122
1192,8
1193,8
1194,8
1195,8
1196,8
1197,8
1198,8
1199,8
1200,8
1201,8
1202,8
1203,8
1204,8
1205,8
1206,8
1207,8
1208,10
1209,13
1210,51
1211,51
1212,51
1213,51
1214,20
1215,10
1216,10
1217,8
1218,17
1219,121
1220,8
1221,2
1222,7
1223,2
1224,7
1225,68
1226,68
1227,7
1228,51
1229,51
1230,13
1231,40
1232,91
1233,51
1234,51
1235,98
1236,81
1237,8
1238,31
1239,123
1240,123
1241,123
1243,11
1244,11
1245,13
1246,89
1247,89
1248,17
1249,8
1250,8
1251,8
1252,8
1253,8
1254,8
1255,8
1256,8
1257,8
1258,8
1259,8
1260,8
1261,39
1262,124
1263,39
1264,39
1265,39
1266,52
1267,13
1269,12
1270,12
1271,12
1272,8
1273,8
1274,16
1275,125
1276,37
1277,37
1278,52
1279,8
1280,4
1281,8
1282,8
1283,8
1284,8
1285,8
1286,8
1287,8
1288,8
1289,8
1290,8
1291,8
1292,121
1293,126
1294,121
1295,3
1296,71
1297,71
1298,121
1300,121
1301,122
1302,23
1303,107
1304,78
1305,121
1306,92
1307,121
1308,121
1309,2
1310,127
1311,128
1313,8
1314,8
1315,125
1316,129
1317,52
1318,23
1319,130
1320,54
1321,42
1322,81
1324,65
1325,10
1326,10
1327,12
1328,12
1329,12
1330,12
1331,12
1332,8
1333,12
1334,122
1335,23
1336,12
1337,13
1338,8
1339,8
1340,8
1341,8
1342,8
1343,13
1344,8
1345,8
1346,8
1347,8
1348,8
1349,8
1350,13
1351,13
1352,8
1353,13
1354,13
1355,13
1356,13
1357,17
1358,13
1359,120
1360,120
1361,120
1362,120
1363,120
1364,120
1365,14
1366,131
1367,8
1368,8
1369,3
1370,13
1371,13
1372,68
1373,52
1374,52
1375,68
1376,68
1377,21
1378,3
1379,3
1380,71
1381,71
1382,71
1383,71
1384,71
1385,71
1386,71
1387,124
1388,132
1389,90
1390,4
1391,17
1392,17
1393,17
1394,17
1395,17
1396,17
1397,17
1398,7
1399,7
1400,7
1401,120
1402,13
1403,125
1404,10
1405,10
1406,10
1407,7
1408,10
1409,68
1410,68
1411,68
1412,121
1413,10
1414,16
1415,10
1416,68
1417,23
1418,23
1419,8
1420,24
1421,7
1422,7
1423,133
1424,2
1425,134
1426,134
1427,134
1428,10
1429,7
1430,135
1432,71
1433,136
1434,48
1435,48
1436,48
1437,71
1438,137
1439,71
1440,17
1441,136
1443,138
1444,11
1445,136
1446,136
1447,17
1448,71
1449,71
1450,45
1451,45
1452,45
1453,71
1454,68
1455,71
1456,68
1457,68
1458,68
1459,68
1460,68
1461,68
1462,68
1463,68
1464,33
1465,33
1466,139
1467,33
1468,68
1469,68
1470,68
1471,68
1472,68
1473,68
1474,68
1475,68
1476,68
1477,84
1478,45
1479,45
1480,45
1481,45
1482,140
1483,8
1484,8
1485,45
1486,45
1487,45
1488,45
1489,45
1490,33
1491,13
1492,21
1493,125
1494,68
1495,68
1496,68
1497,68
1498,113
1499,63
1500,22
1501,22
1502,13
1503,13
1504,71
1505,71
1506,71
1507,45
1508,124
1509,7
1511,3
1512,3
1513,3
1514,3
1515,3
1516,3
1517,13
1518,141
1519,29
1520,142
1521,40
1522,64
1523,40
1524,40
1525,33
1526,26
1527,26
1528,143
1529,41
1530,41
1531,41
1532,41
1533,68
1534,68
1535,23
1536,34
1537,68
1538,45
1539,45
1540,45
1541,23
1542,3
1543,23
1544,23
1545,23
1547,23
1548,23
1549,33
1550,13
1551,10
1552,10
1553,10
1554,10
1555,3
1556,3
1557,3
1558,3
1560,52
1561,71
1562,23
1563,34
1564,45
1565,20
1566,8
1567,68
1568,68
1569,68
1570,68
1571,68
1572,10
1574,8
1575,144
1576,10
1577,8
1578,82
1579,117
1580,117
1581,68
1583,51
1584,68
1585,3
1586,3
1587,3
1588,10
1589,10
1590,45
1591,16
1592,8
1593,23
1594,40
1595,20
1596,145
1597,96
1598,10
1599,21
1600,23
1601,8
1602,7
1603,137
1604,23
1605,23
1606,23
1607,23
1608,146
1609,23
1610,23
1611,23
1612,23
1613,23
1614,81
1615,7
1616,81
1617,121
1618,147
1619,147
1620,8
1621,17
1622,17
1623,71
1624,71
1625,15
1626,15
1627,15
1628,52
1629,26
1630,26
1631,13
1632,13
1633,122
1634,148
1635,69
1636,69
1637,8
1638,39
1639,101
1640,101
1641,102
1642,97
1643,149
1644,10
1645,20
1646,15
1647,32
1648,20
1649,124
1650,72
1651,17
1652,8
1653,69
1654,12
1655,69
1656,40
1657,74
1658,40
1659,7
1660,7
1661,72
1662,72
1663,7
1664,150
1665,8
1666,8
1667,8
1668,7
1669,7
1670,17
1672,52
1673,52
1674,52
1675,21
1676,21
1677,21
1678,21
1679,23
1680,125
1681,22
1682,125
1683,125
1684,151
1685,151
1686,10
1687,10
1688,10
1689,10
1690,17
1691,17
1692,17
1693,152
1694,19
1695,153
1696,111
1697,89
1698,36
1699,36
1700,17
1701,17
1702,10
1703,10
1704,10
1705,10
1706,36
1707,20
1708,10
1709,10
1710,7
1711,3
1712,51
1713,8
1714,13
1715,13
1716,154
1717,39
1724,27
1725,155
1726,155
1727,26
1728,8
1729,23
1730,23
1731,23
1732,126
1733,8
1734,21
1735,156
1736,8
1737,147
1738,8
1739,109
1740,157
1741,40
1742,115
1743,110
1744,10
1745,97
1746,137
1747,137
1748,137
1749,7
1750,7
1751,21
1752,89
1753,89
1754,89
1756,64
1757,158
1758,23
1759,23
1760,40
1761,23
1762,52
1763,8
1764,71
1765,159
1766,36
1767,26
1768,160
1769,147
1770,45
1771,8
1772,21
1773,21
1774,136
1775,151
1776,151
1777,136
1778,161
1779,136
1780,17
1781,162
1782,17
1783,11
1784,23
1785,161
1786,17
1787,17
1788,81
1790,81
1791,10
1792,13
1793,81
1794,10
1795,13
1796,10
1798,10
1799,17
1800,13
1801,13
1802,163
1803,13
1804,10
1805,164
1806,10
1807,10
1808,10
1809,17
1810,10
1811,10
1812,165
1813,10
1814,10
1815,10
1816,10
1817,10
1818,10
1820,10
1821,10
1822,10
1823,10
1824,10
1825,10
1826,10
1827,10
1828,52
1829,10
1830,166
1831,10
1832,81
1833,81
1834,10
1835,166
1836,40
1837,81
1838,136
1839,81
1840,10
1841,13
1842,13
1843,13
1844,167
1845,8
1846,27
1847,27
1848,29
1850,40
1851,27
1852,40
1853,27
1854,40
1856,89
1857,166
1858,166
1859,121
1860,121
1861,20
1862,81
1863,8
1864,8
1865,8
1866,106
1867,8
1868,8
1869,168
1870,168
1871,3
1872,3
1873,3
1874,168
1875,3
1876,3
1877,137
1878,137
1879,43
1880,43
1881,169
1882,3
1887,48
1888,17
1889,17
1890,17
1891,8
1892,8
1893,8
1894,8
1895,114
1896,166
1897,21
1898,10
1899,10
1900,97
1901,170
1902,10
1905,10
1906,10
1907,34
1908,80
1909,23
1910,19
1911,19
1912,27
1913,27
1914,42
1917,137
1918,13
1919,13
1920,81
1921,160
1922,23
1923,151
1924,23
1925,23
1930,13
1931,20
1934,171
1935,172
1936,68
1937,8
1940,10
1942,166
1943,166
1944,166
1945,173
1946,42
1947,42
1948,52
1949,166
1950,166
1951,42
1952,51
1953,51
1958,174
1960,40
1963,40
1971,10
1972,12
1974,7
1975,7
1976,7
1977,7
1979,10
1980,23
1981,21
1984,175
1985,45
1986,13
1987,13
1988,13
1989,13
1990,125
1991,23
1992,33
1993,10
1994,145
1995,8
1996,176
1997,177
1999,10
2001,10
2002,10
2004,10
2008,24
2009,36
2012,36
2013,36
2014,36
2020,178
2022,71
2025,23
2026,23
2034,23
2035,71
2036,71
2037,10
2038,10
2040,8
2041,23
2042,23
2043,23
2045,71
2053,8
2058,71
2062,71
2071,23
2074,23
2078,71
2085,71
2087,23
2089,23
2096,71
2097,23
2098,71
2100,23
2102,23
2103,71
2105,10
2106,158
2115,10
2116,10
2117,10
2118,10
2121,10
2135,7
2137,16
2148,8
2153,8
2156,8
2157,17
2158,8
2159,8
2160,8
2161,8
2162,8
2163,8
2164,8
2165,8
2167,4
2168,4
2169,4
2170,4
2178,10
2181,10
2183,10
2184,10
2187,10
2189,10
2192,10
2193,10
2198,10
2201,10
2204,10
2206,10
2207,10
2209,10
2210,10
2212,10
2213,10
2217,10
2218,10
2219,10
2221,45
2222,45
2223,45
2224,45
2225,10
2231,10
2232,10
2236,10
2240,24
2242,8
2250,36
2251,36
2252,36
2253,10
2257,24
2261,36
2262,36
2263,36
2264,10
2268,24
2269,10
2273,24
2277,36
2278,36
2279,36
2286,21
2292,125
2306,125
2310,125
2327,101
2329,178
2331,3
2332,3
2346,71
2355,8
2361,10
2362,10
2385,8
2417,2
2441,2
2445,13
2448,13
2451,13
2454,13
2460,13
2463,13
2465,2
2466,2
2469,13
2471,2
2472,13
2474,2
2475,2
2477,2
2478,2
2480,2
2481,13
2484,13
2486,2
2487,2
2503,16
2505,7
2506,7
2508,8
2512,8
2513,138
2519,17
2559,8
2621,8
2624,17
2625,8
2626,8
2627,8
2628,8
2629,8
2631,8
2632,8
2634,17
2636,4
2638,13
2640,13
2641,4
2642,4
2644,4
2645,4
2646,4
2647,4
2648,4
2649,13
2650,4
2651,4
2653,13
2654,4
2655,4
2656,4
2657,4
2658,13
2659,4
2660,4
2661,4
2662,4
2663,4
2664,4
2666,4
2667,4
2668,4
2669,4
2670,4
2671,13
2674,4
2675,4
2676,4
2677,13
2679,4
2680,4
2681,4
2682,4
2683,4
2684,4
2685,4
2686,13
2687,4
2688,4
2689,4
2697,21
2745,21
2771,21
2783,23
2784,23
2799,22
2818,125
2819,125
2820,125
2829,4
2830,45
2831,45
2832,45
2835,45
2837,45
2839,45
2840,45
2841,45
2843,45
2845,45
2846,45
2849,45
2850,4
2851,4
2853,4
2854,4
2861,4
2862,4
2863,4
2864,4
2866,71
2867,71
2868,21
2878,21
2879,21
2880,21
2881,21
2882,21
2883,21
2884,21
2886,7
2888,7
2889,139
2892,179
2893,10
2895,180
2896,42
2897,45
2898,7
2899,20
2901,178
2902,61
2903,20
2904,181
2905,8
2906,8
2907,8
2913,14
2915,96
2918,2
2919,2
2920,2
2921,2
2922,2
2923,2
2924,2
2926,13
2927,45
2929,10
2931,68
2933,101
2934,17
2935,17
2936,17
2937,68
2939,24
2940,36
2941,36
2943,10
2948,182
2949,13
2950,8
2951,8
2952,13
2953,13
2955,96
2958,13
2959,13
2960,122
2961,122
2963,13
2964,13
2965,183
2966,183
2967,13
2968,13
2972,10
2973,184
2974,184
2975,184
2976,184
2982,185
2983,185
2984,186
2985,78
2986,52
2987,12
2988,7
2991,7
2993,21
2994,8
2995,8
2996,8
2997,8
2998,8
2999,8
3000,33
3003,106
3004,13
3005,13
3006,13
3007,3
3008,3
3009,3
3010,3
3012,3
3013,21
3014,21
3015,8
3016,8
3017,8
3027,8
3028,2
3029,13
3034,3
3038,51
3039,13
3040,13
3042,13
3043,184
3044,184
3045,62
3046,10
3047,187
3049,51
3690,10
3693,10
3704,10
3710,10
3713,8
3715,8
3722,7
3724,7
3729,10
3732,10
3733,10
3739,10
3750,7
3755,7
3757,7
3758,68
3777,188
3787,72
3791,17
3792,17
3794,8
3802,8
3810,13
3811,13
3815,4
3816,4
3817,4
3819,4
3820,4
3822,4
3824,10
3827,10
3832,10
3841,10
3842,10
3845,10
3847,10
3851,111
3852,10
3858,10
3861,10
3862,10
3864,24
3867,10
3870,10
3872,10
3878,10
3881,10
3882,10
3889,10
3895,8
3917,10
3924,10
3939,10
3946,10
3957,7
3958,21
3967,10
3973,10
3987,10
3989,10
3991,10
4006,10
4012,10
4022,3
4029,7
4046,17
4047,10
4051,10
4052,158
4056,13
4060,13
4061,2
4062,2
4072,2
4077,13
4082,2
4084,2
4087,2
4095,2
4100,13
4104,2
4121,2
4122,2
4125,2
4127,2
4136,2
4139,2
4141,13
4142,2
4144,2
4147,7
4167,2
4169,13
4180,7
4181,68
4186,178
4187,178
4188,178
4189,8
4190,8
4197,8
4198,8
4201,8
4209,17
4210,8
4220,8
4226,8
4231,8
4239,8
4244,8
4248,8
4252,8
4256,8
4260,8
4264,8
4265,13
4266,8
4273,17
4274,13
4275,8
4276,8
4279,13
4280,13
4284,8
4285,13
4286,8
4287,8
4288,8
4290,17
4291,17
4292,17
4293,106
4294,8
4295,178
4298,8
4299,178
4301,13
4302,4
4304,4
4305,4
4307,4
4308,4
4310,4
4311,4
4313,4
4314,4
4316,4
4318,4
4320,4
4321,4
4323,4
4324,4
4327,4
4329,4
4330,4
4331,4
4332,4
4334,4
4335,4
4336,4
4340,4
4345,4
4347,4
4348,4
4350,4
4352,4
4353,4
4355,4
4357,4
4359,4
4360,4
4362,4
4364,4
4365,4
4368,4
4369,4
4371,4
4373,4
4376,37
4381,4
4382,4
4386,4
4390,4
4391,4
4394,4
4396,4
4397,4
4398,4
4399,4
4400,4
4402,4
4403,4
4404,4
4406,4
4407,4
4410,4
4411,4
4413,4
4417,4
4424,10
4429,10
4432,10
4434,4
4436,37
4438,4
4440,4
4441,4
4442,4
4443,4
4444,4
4447,4
4448,4
4455,2
4459,2
4463,10
4464,10
4467,10
4468,8
4472,10
4475,4
4477,4
4478,4
4480,4
4481,4
4482,4
4483,4
4486,4
4487,10
4488,7
4489,7
4493,17
4494,17
4495,8
4496,8
4497,8
4498,7
4500,178
4510,2
4519,189
4521,7
4525,4
4527,4
4529,4
4530,4
4531,4
4532,4
4533,4
4534,4
4535,4
4537,4
4538,4
4540,4
4541,4
4543,4
4545,4
4546,4
4549,4
4551,4
4552,4
4554,4
4559,4
4561,4
4563,4
4565,4
4567,4
4568,4
4571,4
4583,2
4589,2
4594,2
4595,2
4597,2
4599,2
4605,2
4620,17
4623,190
4628,2
4629,2
4630,13
4631,2
4643,17
4650,17
4653,84
4654,84
4655,13
4656,13
4657,13
4658,13
4659,13
4665,17
4667,17
4669,8
4692,4
4702,4
4704,4
4706,4
4710,4
4711,4
4718,37
4729,10
4755,8
4759,8
4762,8
4766,17
4768,4
4769,4
4776,17
4777,8
4783,7
4784,7
4785,10
4786,17
4787,8
4788,8
4791,13
4799,8
4800,8
4801,17
4802,8
4803,17
4814,23
4825,7
4826,185
4832,52
4833,3
4835,8
4838,23
4839,23
4840,71
4841,131
4842,8
4844,23
4845,32
4846,191
4847,17
4848,8
4849,8
4850,8
4855,23
4856,13
4857,8
4858,8
4859,8
4860,8
4861,192
4862,8
4863,8
4864,8
4866,10
4867,8
4868,8
4869,10
4871,13
4872,96
4874,106
4875,21
4876,21
4877,8
4879,13
4880,193
4881,13
4882,13
4883,13
4884,13
4885,20
4886,194
4887,13
4888,13
4889,13
4890,13
4891,17
4895,166
4896,166
4898,166
4905,68
4906,166
4907,166
4908,166
4909,166
4910,166
4911,166
4912,166
4913,166
4914,166
4916,166
4917,166
4918,166
4919,166
4920,166
4921,166
4922,166
4923,166
4924,166
4925,166
4926,166
4927,166
4928,166
4929,166
4930,166
4931,8
4932,166
4933,166
4934,166
4935,166
4936,166
4937,166
4938,166
4939,166
4940,166
4941,166
4942,166
4943,166
4944,166
4945,166
4946,166
4947,166
4955,122
4956,166
4958,166
4959,166
4961,166
4962,166
4963,166
4964,166
4965,166
4967,166
4970,166
4971,166
4973,166
4974,166
4975,166
4976,166
4977,166
4982,166
4983,166
4984,166
4987,166
4996,8
4997,8
4998,166
5013,166
5017,10
5018,10
5019,10
5020,166
5022,166
5024,166
5026,166
5027,166
5029,166
5033,166
5034,166
5035,166
5037,166
5040,166
5041,166
5042,166
5043,166
5044,166
5045,166
5046,166
5047,166
5048,166
5049,166
5050,166
5051,166
5052,166
5053,166
5054,166
5055,166
5056,166
5057,166
5058,166
5059,166
5061,166
5062,166
5064,166
5066,166
5067,166
5068,51
5069,3
5070,184
5071,184
5072,184
5080,166
5092,166
5094,166
5096,166
5097,166
5098,166
5099,166
5100,166
5101,166
5103,166
5104,166
5105,166
5125,166
5128,166
5130,52
5131,166
5133,166
5134,166
5135,166
5137,166
5138,166
5139,166
5140,166
5141,166
5143,166
5144,166
5145,166
5146,166
5147,166
5148,166
5149,166
5150,166
5151,166
5152,166
5153,166
5154,166
5155,166
5156,166
5157,166
5158,166
5159,166
5160,166
5161,166
5162,166
5163,166
5165,166
5166,166
5167,166
5168,166
5169,166
5170,166
5171,166
5172,166
5174,166
5175,166
5176,166
5177,166
5178,166
5179,166
5183,166
5184,166
5188,166
5189,166
5191,166
5193,166
5196,166
5197,166
5198,166
5199,166
5200,166
5202,166
5203,166
5205,166
5212,166
5215,22
5217,166
5245,166
5246,166
5247,166
5248,166
5249,166
5250,166
5260,166
5261,3
5262,166
5263,166
5264,166
5265,166
5266,166
5267,166
5269,166
5270,166
5271,166
5272,166
5273,166
5274,166
5275,166
5276,166
5279,166
5280,166
5281,166
5282,166
5283,166
5284,166
5285,166
5286,166
5287,166
5288,166
5289,166
5290,166
5293,166
5294,166
5295,166
5296,166
5297,166
5298,166
5299,166
5300,166
5301,166
5302,166
5303,166
5305,166
5323,52
5328,166
5331,166
5332,166
5334,166
5335,166
5336,166
5338,23
5339,52
5340,166
5341,166
5343,166
5344,10
5345,10
5346,13
5347,13
5348,13
5349,166
5350,10
5351,166
5352,166
5353,166
5354,166
5355,166
5356,166
5357,166
5358,166
5359,166
5360,166
5361,166
5363,166
5364,166
5365,166
5366,166
5368,166
5369,166
5370,52
5371,52
5372,166
5373,52
5374,166
5375,52
5376,166
5377,166
5379,166
5380,166
5381,166
5382,166
5383,166
5386,166
5399,166
5400,166
5401,166
5402,166
5403,166
5404,166
5405,166
5406,166
5407,166
5408,166
5409,166
5410,166
5411,166
5412,166
5413,166
5414,166
5415,166
5416,166
5417,166
5418,166
5420,166
5422,166
5424,166
5426,166
5427,166
5428,166
5430,166
5431,166
5432,166
5433,166
5434,166
5435,166
5436,166
5437,166
5440,166
5441,166
5442,166
5443,166
5444,166
5445,166
5446,166
5447,166
5448,166
5449,166
5450,166
5451,166
5452,166
5453,166
5454,166
5455,166
5456,166
5457,166
5458,166
5459,166
5460,166
5461,166
5462,166
5463,166
5464,166
5465,166
5466,166
5467,166
5468,166
5469,166
5470,166
5471,166
5472,166
5473,166
5474,166
5475,166
5476,166
5477,166
5478,166
5479,166
5480,166
5481,166
5482,166
5483,166
5484,166
5485,166
5486,166
5487,166
5489,166
5491,166
5493,166
5495,166
5496,166
5498,166
5499,166
5500,166
5501,166
5505,36
5506,121
5507,13
5508,121
5510,166
5511,166
5512,166
5513,166
5514,166
5515,166
5516,166
5530,8
5533,195
5534,195
5535,195
5538,166
5543,166
5544,166
5545,166
5546,166
5547,166
5548,166
5549,166
5550,166
5553,166
5554,166
5561,166
5576,166
5577,166
5578,166
5582,166
5583,166
5592,166
5599,8
5610,166
5637,166
5638,166
5639,166
5640,166
5641,166
5642,166
5643,166
5646,166
5649,166
5650,166
5651,166
5653,166
5654,166
5660,166
5675,22
5676,42
5679,166
5682,166
5689,166
5691,166
5693,166
5720,166
5722,166
5724,166
5725,166
5726,166
5727,166
5728,166
5729,166
5730,52
5731,166
5732,166
5733,166
5734,166
5735,166
5736,166
5737,166
5738,166
5739,166
5740,166
5741,166
5742,166
5743,166
5744,166
5745,166
5748,166
5749,166
5750,166
5761,166
5765,166
5766,166
5767,166
5768,166
5769,166
5771,166
5772,166
5773,166
5774,166
5775,166
5776,166
5777,166
5780,166
5786,166
5787,185
5794,166
5798,166
5799,166
5801,166
5805,166
5807,166
5811,8
5814,17
5815,159
5816,159
5829,196
5830,159
5831,23
5833,45
5834,45
5835,125
5836,81
5840,13
5845,166
5851,166
5858,27
5859,17
5863,166
5864,166
5865,166
5886,195
5887,195
5888,195
5892,195
5897,58
5899,197
5900,197
5902,27
5903,176
5904,176
5905,27
5906,27
5908,27
5909,17
5912,27
5913,121
5914,121
5915,121
5916,121
5922,13
5923,75
5924,8
5925,8
5929,98
5932,121
5933,121
5934,121
5935,121
5936,121
5938,8
5947,8
5952,148
5953,10
5954,198
5955,121
5956,121
5957,182
5958,8
5959,21
5960,10
5961,198
5962,199
5964,13
5965,13
5966,13
5967,13
5968,13
5969,13
5970,13
5971,13
5972,13
5973,13
5974,13
5975,13
5977,121
5978,13
5979,13
5980,8
5981,10
5982,19
5983,200
5984,201
5985,121
5986,202
5987,92
5988,96
5989,21
5992,44
5994,8
6000,23
6001,68
6002,68
6003,68
6004,68
6005,65
6006,65
6019,12
6027,52
6034,203
6042,204
6043,205
6044,7
6045,198
6046,10
6047,10
6049,184
6059,166
6060,166
6061,166
6062,52
6091,191
6096,206
6098,96
6099,207
6100,96
6101,96
6102,96
6103,207
6106,208
6108,208
6109,166
6110,166
6111,166
6112,166
6114,166
6115,166
6116,166
6119,166
6121,166
6122,166
6123,10
6124,122
6131,42
6167,42
6170,209
6171,209
6174,23
6178,7
6179,7
6180,7
6181,8
6182,8
6183,17
6184,17
6186,17
6188,23
6189,26
6190,4
6191,23
6192,4
6193,4
6194,4
6196,4
6198,23
6199,23
6200,4
6201,166
6202,71
6203,71
6204,71
6206,71
6207,71
6208,4
6209,71
6210,4
6211,71
6213,71
6214,4
6215,4
6216,4
6217,4
6218,4
6219,4
6221,166
6222,166
6223,166
6232,4
6233,4
6234,4
6235,4
6236,4
6237,4
6238,4
6239,4
6240,4
6241,4
6242,4
6243,4
6244,4
6245,4
6246,4
6247,4
6250,4
6251,4
6252,4
6253,4
6254,4
6255,4
6256,4
6257,4
6258,4
6259,7
6260,7
6261,7
6262,7
6263,7
6264,7
6266,7
6267,4
6268,7
6270,4
6271,7
6273,65
6274,4
6275,7
6282,4
6285,4
6287,166
6289,166
6290,166
6292,10
6293,10
6294,10
6295,10
6296,10
6297,10
6298,10
6299,10
6300,10
6301,10
6302,10
6303,10
6304,10
6305,10
6306,10
6307,10
6308,4
6309,4
6310,4
6311,4
6312,10
6314,10
6315,10
6316,10
6317,7
6319,10
6320,10
6322,10
6323,10
6329,166
6335,4
6336,4
6337,4
6341,21
6342,4
6343,21
6352,166
6362,10
6363,10
6375,10
6376,8
6377,2
6380,132
6381,132
6382,140
6391,210
6392,7
6393,7
6394,7
6396,3
6400,7
6401,7
6402,10
6403,10
6408,70
6409,137
6416,166
6417,166
6428,166
6439,176
6441,17
6442,211
6446,212
6450,191
6453,191
6463,213
6468,166
6469,214
6473,207
6474,16
6475,215
6484,23
6503,166
6504,166
6505,166
6506,166
6507,166
6509,166
6510,166
6511,166
6512,166
6513,166
6514,166
6516,166
6518,166
6519,166
6520,166
6522,166
6523,166
6525,166
6546,166
6547,166
6548,166
6549,166
6550,166
6551,166
6552,166
6553,166
6554,166
6557,166
6567,182
6568,182
6569,96
6573,166
6574,166
6576,166
6577,166
6579,166
6581,166
6582,166
6583,166
6584,166
6585,166
6587,166
6588,166
6589,166
6590,166
6592,166
6593,166
6595,166
6596,166
6597,166
6599,166
6600,166
6601,166
6602,166
6603,166
6604,166
6605,166
6606,166
6607,166
6608,166
6609,166
6610,166
6612,166
6613,166
6614,166
6615,166
6616,166
6617,166
6618,166
6619,166
6620,166
6621,166
6622,166
6623,166
6624,166
6625,166
6626,166
6627,166
6628,166
6644,166
6654,216
6661,166
6662,166
6696,166
6710,166
6723,166
6724,166
6728,166
6742,166
6789,166
6791,166
6860,166
6862,166
6890,105
6905,42
6907,42
6915,42
6918,105
6925,42
6930,59
6933,20
6937,7
6938,7
6939,7
6940,7
6941,7
6950,14
6952,7
6955,191
6959,62
6960,62
6964,127
6965,7
6966,7
6969,59
6970,4
6971,4
6975,198
6976,217
6977,4
6978,4
6979,4
6980,4
6981,4
6982,4
6983,4
6984,4
6985,4
6986,4
6987,4
6988,4
6989,4
6990,4
6991,4
6992,4
6993,4
6994,4
6995,4
6996,4
6997,4
6998,4
6999,217
7004,166
7005,166
7007,127
7008,218
7009,219
7010,219
7011,219
7016,110
7017,218
7018,162
7019,162
7020,136
7021,217
7024,8
7028,217
7029,4
7030,4
7031,4
7033,4
7034,4
7035,4
7036,4
7037,4
7038,4
7039,4
7040,4
7041,4
7042,4
7043,4
7044,4
7045,4
7046,4
7056,17
7066,8
7068,14
7069,16
7070,14
7096,10
7124,218
7125,218
7128,127
7134,166
7141,166
7147,220
7148,221
7155,8
7156,10
7157,10
7158,10
7159,10
7161,222
7173,23
7185,33
7188,223
7189,223
7190,223
7191,223
7192,223
7193,223
7194,223
7195,224
7199,223
7200,223
7203,223
7208,127
7212,143
7220,158
7227,225
7238,217
7241,59
7246,23
7248,127
7249,127
7251,127
7253,127
7254,59
7257,127
7260,10
7261,137
7264,200
7272,8
7274,21
7275,21
7276,21
7278,3
7282,8
7283,3
7284,8
7285,8
7286,8
7287,7
7288,2
7289,2
7290,226
7291,226
7292,127
7293,210
7299,121
7300,27
7302,10
7312,150
7313,23
7314,17
7315,23
7316,23
7318,23
7319,221
7329,176
7331,23
7337,221
7355,10
7361,123
7362,11
7363,8
7365,59
7366,59
7369,3
7370,3
7375,3
7378,3
7379,3
7380,3
7382,183
7383,217
7384,65
7385,65
7392,13
7393,2
7395,2
7397,2
7401,2
7402,188
7404,59
7413,2
7414,2
7415,2
7416,2
7417,2
7418,207
7419,150
7420,96
7421,139
7422,137
7430,79
7444,8
7446,80
7447,27
7449,106
7451,3
7463,7
7465,13
7468,23
7480,10
7481,10
7483,20
7487,223
7488,23
7492,92
7493,92
7496,182
7498,120
7532,59
7538,17
7540,96
7541,59
7552,10
7553,10
7554,182
7556,13
7566,227
7572,182
7583,228
7586,8
7587,8
7601,229
7610,8
7612,10
7616,7
7629,7
7630,7
7634,7
7635,7
7636,97
7638,27
7642,8
7643,8
7645,166
7647,22
7651,127
7655,59
7671,127
7672,127
7673,127
7674,127
7675,127
7677,7
7694,59
7696,127
7697,127
7698,127
7699,127
7700,127
7702,127
7704,127
7705,127
7706,127
7707,127
7710,14
7724,20
7725,230
7726,230
7728,3
7730,121
7744,59
7763,137
7765,7
7766,4
7767,4
7768,4
7769,4
7770,4
7771,4
7772,4
7773,4
7774,4
7775,4
7776,4
7777,37
7778,37
7779,4
7780,4
7781,4
7783,59
7784,184
7787,33
7793,8
7796,231
7797,13
7798,217
7800,232
7801,217
7807,10
7811,233
7812,234
7813,234
7814,234
7815,234
7816,234
7817,234
7818,234
7820,4
7822,4
7823,4
7825,4
7826,4
7833,33
7838,4
7839,13
7841,13
7842,13
7843,13
7844,13
7845,13
7846,13
7847,13
7848,13
7849,13
7850,13
7852,96
7853,13
7855,182
7862,234
7863,234
7864,234
7869,17
7871,59
7874,4
7875,4
7888,59
7889,166
7890,166
7891,166
7892,166
7893,166
7894,166
7895,166
7898,59
7899,59
7900,59
7901,59
7903,59
7905,59
7906,59
7907,59
7909,59
7910,59
7911,59
7913,59
7915,59
7916,59
7917,59
7918,59
7919,59
7920,59
7923,59
7924,59
7925,59
7926,59
7927,59
7928,59
7929,59
7930,59
7933,8
7935,13
7936,13
7941,80
7942,4
7943,4
7945,4
7946,4
7947,37
7948,4
7949,4
7950,4
7955,23
7956,235
7962,13
7965,236
7967,236
7981,131
7983,131
7986,37
7988,235
7990,237
7991,169
7992,169
7993,59
7994,3
7996,127
7997,127
7998,127
7999,127
8002,4
8007,23
8008,23
8009,23
8011,71
8012,71
8013,71
8016,23
8017,71
8018,23
8019,23
8020,71
8022,71
8042,16
8063,10
8065,66
8067,238
8090,4
8091,4
8092,4
8093,4
8094,4
8095,127
8096,127
8097,127
8099,127
8100,127
8101,127
8102,127
8103,127
8104,127
8105,127
8106,13
8108,3
8112,78
8115,217
8173,239
8177,29
8183,71
8185,240
8193,241
8194,241
8195,8
8196,14
8215,166
8218,166
8222,166
8233,127
8260,127
8265,242
8267,71
8271,71
8274,71
8275,71
8276,71
8278,71
8279,71
8313,241
8321,13
8330,31
8332,207
8336,3
8337,3
8338,3
8339,3
8340,3
8341,3
8342,3
8347,243
8351,3
8360,4
8364,10
8367,10
8374,7
8375,44
8376,44
8469,166
8491,166
8504,244
8505,244
8506,10
8507,10
8508,4
8509,4
8510,245
8517,3
8518,3
8536,71
8547,71
8548,71
8549,71
8599,246
8605,166
8606,166
8607,166
8608,166
8627,247
8628,247
8642,137
8651,166
8652,166
8653,221
8654,3
8657,8
8662,71
8663,71
8705,71
8706,71
8707,71
8771,166
8773,248
8840,10
8841,45
8842,244
8847,8
8850,8
8851,14
8852,15
8853,179
8855,137
8856,3
8857,3
8858,3
8862,249
8865,207
8868,32
8878,207
8881,227
8885,219
8886,219
8900,10
8901,10
8902,150
8903,250
8904,250
8917,59
8923,3
8924,3
8930,59
8931,59
8933,248
8943,188
8944,188
8945,251
8968,166
8969,166
8970,166
8971,166
8972,166
8973,166
8985,166
8988,166
8989,166
8990,166
8991,166
8992,166
8993,166
8994,166
8995,166
8996,166
8997,166
8998,166
8999,166
9000,166
9011,252
9012,253
9018,16
9020,166
9021,7
9067,166
9073,127
9074,127
9075,127
9076,127
9077,127
9078,127
9079,127
9080,127
9083,13
9084,13
9148,59
9149,127
9150,59
9151,59
9152,127
9153,127
9158,59
9159,59
9160,127
9161,59
9162,127
9163,59
9164,59
9165,59
9166,59
9167,59
9168,59
9169,127
9170,16
9171,59
9177,127
9178,127
9211,127
9213,59
9219,254
9220,8
9221,8
9223,8
9224,8
9225,8
9228,88
9239,13
9244,225
9330,10
9331,148
9339,10
9360,127
9361,127
9362,59
9377,39
9404,12
9427,21
9431,8
9526,255
9527,13
9532,235
9537,166
9538,166
9539,166
9540,166
9541,166
9542,166
9546,191
9547,40
9583,57
9588,182
9589,182
9592,2
9593,8
9594,235
9632,179
9633,33
9697,13
9709,44
9720,3
9778,256
9787,169
9788,184
9789,257
9851,10
9883,258
9945,259
9946,259
9947,259
9978,258
9993,260
10011,191
10012,191
10013,191
10014,191
10015,191
10016,17
10031,10
10032,10
10033,10
10034,10
10035,10
10066,13
10074,261
10077,17
10079,114
10093,13
10094,13
10095,13
10096,13
10097,13
10098,13
10099,13
10111,252
10112,253
10137,52
10138,23
10139,183
10140,8
10142,8
10143,8
10144,13
10145,65
10146,53
10150,262
10170,182
10171,166
10176,166
10177,166
10178,166
10180,20
10188,166
10193,181
10314,169
10325,221
10326,150
10327,263
10337,43
10338,43
10352,13
10353,13
10354,13
10355,13
10360,264
10361,20
10362,96
10367,39
10379,207
10392,182
10394,265
10419,207
10420,266
10483,267
10484,92
10502,207
10504,215
10506,148
10507,20
10508,268
10635,16
10636,8
10638,76
10717,207
10800,269
10801,270
10802,270
10804,269
10839,13
10840,266
10841,266
10886,27
10887,269
10895,17
10896,57
10897,23
10898,23
10913,148
10996,17
11013,39
11015,17
11021,17
11026,17
11027,70
11028,70
11038,57
11064,22
11065,271
11085,13
11086,13
11089,13
11090,157
11093,13
11095,183
11099,17
11100,178
11107,44
11108,272
11109,44
11110,39
11111,44
11113,88
11114,88
11115,88
11121,8
11122,11
11123,8
11124,182
11125,182
11136,21
11137,21
11138,21
11139,21
11144,24
11145,24
11146,24
11147,24
11148,24
11158,155
11160,155
11165,273
11167,273
11168,273
11176,174
11201,159
11202,159
11203,244
11204,244
11205,244
11206,244
11207,244
11208,244
11209,244
11210,244
11212,244
11214,244
11216,151
11217,151
11218,123
11219,8
11220,274
11222,182
11227,8
11228,8
11229,17
11230,27
11233,8
11234,15
11238,7
11239,8
11240,8
11241,8
11243,53
11249,23
11275,23
11276,207
11277,207
11279,266
11280,266
11324,70
11343,215
11344,215
11345,215
11346,13
11347,13
11348,13
11349,13
11350,13
11351,13
11353,13
11354,13
11355,13
11356,13
11357,13
11358,13
11359,13
11405,275
11406,275
11407,275
11423,270
11424,270
11428,247
11429,247
11430,247
11431,247
11432,247
11437,276
11438,277
11440,247
11441,247
11442,247
11443,23
11445,247
11447,247
11448,247
11449,221
11450,32
11480,278
11508,276
11509,276
11515,8
11516,8
11517,207
11519,226
11526,279
11527,280
11528,280
11530,258
11531,258
11532,262
11533,262
11534,262
11535,262
11536,164
11537,164
11538,164
11539,262
11565,241
11566,241
11567,241
11568,241
11574,17
11575,16
11576,210
11577,210
11578,210
11581,269
11582,241
11583,241
11585,241
11587,241
11588,241
11589,96
11590,252
11591,281
11592,281
11593,281
11594,253
11595,253
11598,8
11599,8
11603,43
11604,282
11605,282
11606,283
11613,127
11615,127
11619,127
11621,127
11622,127
11650,210
11652,8
11653,121
11654,200
11665,8
11666,40
11667,10
11668,10
11669,10
11670,10
11671,13
11672,13
11673,13
11674,182
11676,13
11677,13
11678,13
11679,13
11681,13
11682,164
11683,262
11684,219
11685,219
11686,219
11687,219
11688,284
11689,285
11690,23
11691,23
11692,107
11696,13
11697,79
11698,79
11699,79
11701,262
11702,262
11703,182
11704,210
11705,13
11706,10
11708,229
11709,13
11717,286
11719,286
11723,13
11729,169
11731,8
11739,98
11744,8
11746,287
11747,16
11748,15
11751,8
11752,8
11753,8
11754,8
11755,8
11756,8
11757,8
11758,8
11759,8
11760,8
11761,8
11762,8
11763,8
11764,8
11765,8
11769,271
11770,276
11771,286
11772,286
11773,271
11774,271
11775,271
11776,288
11777,289
11778,289
11779,289
11780,289
11781,289
11782,270
11783,270
11784,270
11785,290
11789,185
11790,289
11791,291
11792,291
11793,291
11848,20
11849,191
11850,292
11851,178
11852,257
11853,293
11854,294
11855,276
11856,11
11857,7
11859,207
11860,11
11861,295
11862,11
11867,13
11873,13
11874,13
11875,14
11876,13
11877,13
11878,296
11879,296
11880,296
11881,296
11882,296
11884,297
11885,297
11886,297
11887,297
11888,298
11889,298
11890,298
12003,270
12004,270
12005,270
12009,162
12012,8
12013,182
12014,8
12015,8
12016,223
12017,164
12019,164
12020,23
12027,13
12028,223
12029,31
12030,299
12031,13
12034,159
12035,57
12037,23
12038,45
12042,10
12045,23
12046,300
12047,300
12048,300
12049,162
12050,162
12051,162
12053,257
12056,182
12057,301
12058,301
12059,301
12060,302
12061,302
12062,302
12063,10
12071,182
12075,182
12077,245
12078,245
12079,245
12083,8
12087,303
12088,303
12089,303
12090,303
12091,304
12092,304
12093,304
12099,162
12120,94
12122,109
12123,305
12125,305
12127,305
12128,306
12129,306
12130,306
12131,8
12140,7
12142,7
12143,10
12153,307
12154,307
12155,307
12156,8
12157,14
12158,182
12161,182
12162,276
12169,308
12170,308
12171,308
12172,309
12173,309
12174,309
12176,310
12178,310
12199,310
12200,309
12218,59
12231,309
12237,311
12238,311
12239,311
12243,312
12244,312
12245,312
12246,8
12247,65
12248,313
12249,313
12250,313
12251,313
12252,182
12253,314
12254,314
12255,314
12256,127
12257,10
12258,40
12259,40
12260,315
12261,315
12262,315
12264,10
12287,127
12288,316
12289,316
12292,316
12293,246
12321,317
12322,317
12323,317
12325,241
12326,241
12327,318
12328,318
12332,318
12333,316
12334,316
12335,241
12336,299
12337,299
12360,8
12369,17
12370,17
12371,8
12372,17
12374,246
12375,246
12377,319
12378,319
12379,319
12380,319
12381,320
12382,320
12383,320
12389,321
12390,322
12391,322
12393,127
12394,127
12395,127
12396,127
12397,127
12399,323
12400,323
12401,323
12403,17
12405,241
12406,241
12413,104
12414,104
12415,104
12416,169
12417,169
12418,169
12430,161
12431,161
12440,324
12442,324
12463,40
12464,40
12465,40
12466,324
12469,23
12473,325
12474,325
12475,325
12478,23
12479,23
12486,23
12487,23
12494,18
12495,18
12497,23
12498,23
12503,23
12505,23
12514,8
12516,43
12517,326
12518,326
12519,326
12520,326
12521,280
12522,8
12523,8
12526,4
12530,8
12533,23
12534,23
12535,23
12536,23
12537,23
12538,23
12539,23
12540,23
12542,23
12545,327
12546,179
12547,23
12555,92
12557,26
12558,8
12560,92
12561,10
12562,10
12563,8
12564,8
12568,252
12573,161
12574,10
12575,8
12578,328
12585,218
12586,8
12587,8
12588,8
12589,4
12590,282
12591,282
12594,182
12597,26
12598,14
12601,10
12602,10
12614,17
12623,8
12630,8
12631,8
12632,8
12633,8
12634,8
12652,17
12690,283
12691,283
12692,282
12693,282
12695,191
12699,241
12708,182
12709,13
12711,14
12718,8
12724,8
12727,241
12731,241
12732,10
12735,282
12738,282
12740,282
12749,214
12750,214
12752,290
12753,329
12754,329
12755,329
12760,8
12761,41
12762,91
12763,177
12764,200
12765,107
12766,202
12767,182
12769,330
12779,290
12798,8
12799,8
12800,14
12801,127
12802,127
12803,127
12807,8
12808,8
12809,127
12810,127
12816,299
12822,8
12823,331
12825,241
12826,241
12827,241
12828,299
12829,242
12830,242
12838,59
12850,33
12851,8
12852,332
12853,332
12855,332
12867,333
12868,333
12869,333
12870,241
12871,241
12875,44
12876,44
12918,98
12919,80
12926,334
12927,334
12929,334
12931,334
12946,17
