evidence_id,pmid
1,16081687
2,15146165
4,22490330
5,16081687
6,16081687
7,19287384
8,24571676
10,23861977
11,22081665
12,19915144
13,19915144
14,23569304
15,15928335
16,16954519
17,24569458
18,22081665
19,16709929
20,18394554
21,18375819
22,21576590
23,21576590
24,22081665
25,21067377
26,16384925
27,24666267
30,21166657
31,24512939
32,21030459
33,21030459
34,19671763
35,15696205
36,20619739
37,21575866
38,21948233
39,18923525
40,24569458
41,24569458
42,19671763
43,22745105
44,22745105
45,22745105
46,22745105
47,22745105
48,18923525
49,23632886
50,23632886
51,22490330
52,22490330
53,16551858
56,15951308
57,16434492
58,23775962
61,23632886
62,21067377
63,23632886
64,21067377
65,24512939
66,22291079
67,22490330
68,22291079
69,21067377
70,16551858
71,22180178
73,23031422
74,18073307
75,21422803
76,21422803
77,23056499
78,9839497
79,21594703
80,24570209
82,24586605
83,26184520
86,24576830
87,24559322
88,23325582
89,19001320
90,24576830
91,23524406
92,21098728
93,23020132
94,23463675
95,24583796
96,23845441
97,23812671
98,22180495
99,22180495
102,24354346
103,24594804
104,24388723
105,21594703
106,24396464
107,21594703
108,16455956
109,21067377
110,23632886
111,16076867
112,21067377
113,21067377
114,23632886
115,23632886
116,19357394
117,17957027
118,16076867
119,16455956
120,19059939
122,19965647
123,20619739
124,20619739
125,22072639
126,20619739
127,19965647
128,17957027
129,17957027
130,15626738
131,15626738
134,20619739
135,18202412
136,20978259
137,19965647
138,20619739
139,18591546
141,21575866
142,18923525
143,22072639
144,23558953
145,20978259
146,19059939
147,22417203
148,24797300
149,21719597
150,24927407
151,24927407
152,21719597
153,15659725
154,19966866
155,22923433
156,14726504
157,22291079
158,21537333
159,17957027
160,20805365
162,19221039
163,19221039
165,19221039
166,19965647
167,18450602
168,14726504
169,14726504
170,23632886
171,17965322
172,11070098
173,17957027
174,19059939
175,16455956
176,16076867
177,15659725
179,22417203
180,19047294
181,24855211
182,22430270
183,18450602
184,20026798
185,16051734
186,22490330
187,22291079
188,22490330
189,22490330
190,24801015
191,21537333
192,21537333
193,21537333
194,18202412
195,16455956
196,19587375
198,24855211
199,24859829
201,19536888
202,19536888
203,19221039
204,18559874
205,18591546
206,18591546
210,18559874
211,23346317
212,23346317
213,25212276
214,11290608
215,18794081
219,14612939
220,20537386
221,15961768
222,11290608
223,20376086
224,20538800
225,10485475
227,23014527
228,23014527
229,24736073
231,23888070
232,12476305
233,15194504
234,20537386
235,15194504
236,20979473
237,20979473
238,25668228
239,15728811
240,21430269
241,23220880
242,24185512
243,24185512
244,24185512
245,24185512
246,24185512
247,22368270
248,18230792
249,16954519
250,16618717
251,19794967
258,19223544
259,12476305
260,20537386
261,20537386
262,20979473
263,23079656
264,25002028
266,22328973
267,22328973
268,22328973
269,22328973
270,22328973
271,22328973
272,22328973
273,16730237
274,15118125
275,24457318
276,15118125
277,24636847
278,24658966
279,23220880
280,23220880
281,23220880
282,23220880
283,23220880
284,23220880
285,23220880
286,23220880
287,23220880
288,23220880
289,23220880
290,24185510
291,24185510
292,24185510
293,24185510
294,24185510
295,24550739
296,24550739
297,14726387
298,18230792
299,12357354
301,22541434
302,18421059
303,17372901
304,16638875
305,19029981
306,20978259
307,15758010
308,11070098
309,11070098
310,21558396
311,15647370
314,21558396
316,8674046
317,20085938
319,22698404
320,22923433
322,11290608
323,20368538
324,20538800
327,22616558
328,20421455
329,21997850
330,22033490
331,22616558
332,21997850
333,12000708
334,15217946
336,19934290
337,11208838
338,23029227
339,23029227
340,23029227
342,17070615
343,22479427
344,20537386
347,24662454
348,19933982
349,20127344
350,21596855
352,21995386
354,17070615
355,17070615
356,15961768
357,16309541
358,17891190
359,10547574
360,10547574
361,10547574
362,10547574
363,12432043
365,10224221
367,23111194
368,23111194
369,24623981
370,24729716
371,11290608
372,11585760
373,17940205
374,20494930
375,21596855
376,10485475
377,18528420
378,15597105
380,20007775
381,20007775
382,20007775
383,20007775
384,22357840
387,19223544
388,19223544
389,16489069
390,16489069
391,9569050
392,16489069
393,9569050
395,16489069
396,9569050
397,16489069
398,9569050
399,9569050
400,23861105
401,23861105
403,24186003
405,24578576
407,12075054
408,18765795
409,12075054
411,21343560
412,25670080
413,16818686
414,25670080
415,22430270
416,19157502
417,19666869
418,18464292
419,22430270
420,23620406
421,21343549
422,23620406
423,9207459
425,20601954
426,21828143
427,21343549
428,11793370
429,21343560
430,21343560
431,9552022
432,20081860
433,20081860
435,21796119
436,24869598
439,24265152
440,22277784
441,22277784
442,22277784
443,22277784
444,22277784
445,22440753
446,23539443
447,23779130
448,12517791
449,25412851
450,25412851
451,25308295
452,23960094
453,23960094
454,23761041
455,20739657
456,22302096
457,12559175
458,25147369
459,23797736
460,23797736
461,23792563
462,15630448
463,23612012
464,22274685
465,22274685
466,20336784
467,19304957
468,25014773
469,23341344
470,20840671
471,21730982
472,17538160
473,16943533
474,14583498
475,23706910
476,16254181
477,20542753
478,23706910
479,20693978
480,19228619
481,19228619
482,19228619
483,19228619
484,22699455
485,16307017
486,15201427
487,18528420
488,18528420
489,18528420
490,19901104
491,15758010
492,23322234
493,23322234
494,22210878
495,21670202
496,18528420
497,22650231
498,12727991
499,23333114
500,16497822
501,23280579
502,21422407
503,21422407
504,22292935
505,17700571
506,21163703
507,11504908
508,23341344
509,22753902
510,23568491
511,19584151
512,24658004
513,24658004
514,25219713
515,25217772
516,23955565
517,22090360
518,8901856
519,19941080
520,22699455
521,24836762
522,17215851
523,11325447
524,11325447
525,21467160
526,21467160
527,19040416
528,11248153
529,15911866
531,10617473
532,25698061
622,24915778
623,24240700
624,24366361
625,19770381
626,20445578
627,26268241
628,22215888
629,24740809
630,23377281
631,23377281
632,23377281
633,23377281
635,23377281
636,23377281
637,18818391
638,24236021
639,25349473
640,21747090
641,12509970
642,18227510
644,23989949
645,24387334
646,25923550
647,26510020
648,26510020
649,25798586
650,26510020
651,12949711
652,12949711
654,14645423
655,25024077
656,25024077
657,23766237
658,23766237
659,19157633
660,25010864
661,23188704
662,23764753
664,22139083
665,26338418
666,21119596
667,23377281
668,21926398
669,18704422
670,19922504
671,22112610
672,22551904
673,16875718
674,16467099
675,22296372
676,19434073
677,19470925
678,20628391
679,22896685
680,21160078
681,24771645
682,23182986
683,25086725
684,23806793
685,25171497
686,21666749
687,25433983
688,25264305
689,22389872
690,19470935
691,21048039
692,23265711
693,22056021
694,24577117
695,24799460
696,23746666
697,24577089
698,23584301
699,26561417
700,26544513
701,26664143
702,26313362
703,26625204
704,26086854
705,24625776
706,22842582
707,24735930
708,24735930
709,26351323
710,23888070
711,25398829
712,26490311
713,26490311
714,25672916
715,25878190
716,25409150
717,22270724
718,26508446
719,26508446
720,26046389
722,26490311
723,23890088
724,23890088
725,24345920
726,24345920
727,24345920
728,23715574
729,25520391
730,25520391
731,26683709
732,26436839
733,17463250
734,26596839
735,21623265
736,26547802
737,26439803
738,26130666
739,26466009
740,26686064
741,26617739
742,24469055
743,26086854
744,26537256
745,19726788
746,25759020
747,25759020
748,24651015
749,26169613
750,26625312
751,26391455
752,26096845
753,23746666
754,25557953
755,25759020
756,25370471
757,25370471
758,20530316
759,26712222
760,18725974
761,20142587
762,24065731
763,21791641
764,22235099
765,23344087
766,22235099
767,23344087
770,19718025
771,25242168
772,16282176
773,26423602
774,16282176
775,25939761
776,21840482
777,21900593
778,20227043
779,23390248
780,21791641
781,23344087
782,9625170
783,26459251
784,26459251
785,9625170
786,24894453
787,24894453
788,23374602
789,23374602
791,26181029
792,22961667
793,26673008
794,24836576
795,20609353
796,23213094
797,25971939
798,26115874
799,26015511
800,26637881
801,21119661
803,21119661
804,25267748
805,25883215
806,26623049
807,26267899
808,26261420
809,26162296
810,26162296
811,26152787
812,26152787
813,26137564
814,26057002
815,26033044
816,25989278
817,25982282
818,25973082
819,25968887
820,25968887
821,25928036
822,25910840
823,25900183
824,25788273
825,25762343
826,25677871
827,25668009
828,25668009
829,26309414
830,26311741
831,26291055
832,26502926
835,26745678
836,26724472
837,26671993
838,26671993
839,23222956
840,23222956
841,26698910
842,26698910
843,26698910
844,26698910
845,26510020
846,21653686
848,21653686
849,21653686
850,24740294
851,22698404
852,24708484
853,24708484
854,24653627
855,24587245
856,15138475
857,24367492
858,24367492
859,24356815
860,25587029
861,25542901
862,25542901
863,25184630
864,25300346
865,25216528
866,25210794
867,25153719
868,25153719
869,25590338
870,25089570
871,25082261
872,25081901
873,25056119
874,24961465
875,24957073
876,24927325
878,24841718
879,23816960
880,23816960
881,25862853
882,22452895
883,22452895
884,22285168
885,22285168
886,25268372
887,25537159
888,24256029
889,24239278
890,24192513
891,24167368
892,24166148
893,24166148
894,24166148
895,24146218
896,24135816
897,24097869
898,24039832
899,24013721
900,24013721
901,23881388
902,23867504
903,23645741
904,23619944
905,23579861
906,23515910
907,21367480
908,24782778
909,15486187
910,19648970
911,18794099
912,19775480
913,23506848
914,23456958
915,23435830
916,23435671
917,23435671
918,23340172
919,23231951
920,21576762
921,23218766
922,23060591
923,22901364
924,22682017
925,22623731
926,22596232
927,22544540
928,22431701
929,22422354
930,22343617
931,22333600
932,22262166
933,22190288
934,22169769
935,22169769
936,22169769
937,22025163
938,22025163
939,22004109
940,21964527
941,21964527
942,21920589
943,21890455
944,21883677
945,21642865
946,21458988
947,20956938
948,20826716
949,20651371
950,20088962
951,18593940
952,18445659
953,17088436
954,16707605
955,16404430
956,26789870
957,22591296
958,26398480
959,22325357
960,19122144
961,22418700
962,26668065
963,24893891
964,25939061
965,25923549
966,26720284
967,26515464
968,26515464
969,26515464
970,16454808
971,25586468
972,26811533
973,26811533
974,26807188
975,26771872
976,26765760
977,26722081
978,26716414
979,23558169
980,26765760
981,24439929
982,24439929
983,25589191
984,26838030
985,26822383
986,25853747
987,26372703
988,25199829
989,25199829
990,24915778
991,24685132
992,24685132
993,18946061
994,24947927
995,24947927
996,24947927
997,24947927
998,24947927
999,23200175
1000,23434733
1001,23434733
1002,26821351
1003,26725216
1004,21985784
1005,26678033
1006,16091755
1007,22493419
1008,26255196
1009,20124187
1011,26596672
1012,26822398
1013,25370464
1014,22077063
1015,26256760
1016,26510020
1017,26778701
1018,26771088
1019,24162815
1020,26867820
1021,26867820
1022,20728210
1023,24868024
1024,18607592
1025,16487996
1027,22180162
1028,15922892
1029,19357394
1030,25667280
1031,26872370
1032,20363910
1033,20363910
1034,17103226
1035,16341243
1036,23430109
1037,19318574
1038,22504184
1039,22368270
1040,22368270
1041,14679114
1042,14967075
1043,26598547
1044,25601188
1045,26559459
1047,19122144
1048,25899785
1050,24898067
1051,26894977
1052,26894977
1053,26894859
1054,26894859
1055,26894620
1057,26888827
1058,26888827
1059,26893853
1060,26893365
1061,26892177
1062,26891277
1063,11607825
1064,11607825
1065,9428816
1066,9428816
1067,9428816
1068,9428816
1069,11122430
1070,11144931
1071,11144931
1072,11782370
1073,11782370
1074,10359553
1075,22906996
1076,22906996
1077,25693012
1078,22270724
1079,26888827
1080,26888827
1081,26888827
1082,26888827
1083,26888827
1084,22906996
1085,22906996
1086,24989892
1087,24989892
1088,24989892
1089,24934779
1090,7628753
1091,11704842
1092,23670176
1093,21613260
1094,21613260
1095,26729443
1096,15746676
1097,18555254
1098,19840887
1099,22550175
1100,23724914
1101,25351743
1102,26789727
1103,26167872
1104,15448205
1105,20179196
1106,19723655
1107,19723655
1108,25295501
1109,21461300
1110,25295501
1111,25445424
1112,24981688
1113,26874901
1114,26634247
1115,26634247
1116,23635773
1117,26894380
1118,26894380
1119,26442524
1120,26442524
1121,23181703
1122,16236737
1123,24137399
1124,24137399
1125,25789838
1127,21663470
1128,16282176
1129,16282176
1131,19661358
1132,17192538
1133,19289619
1135,24899684
1136,24178622
1137,24178622
1138,24962318
1139,23828442
1140,23934108
1141,23934108
1142,26125448
1143,26125448
1144,22425996
1145,22425996
1146,22425996
1147,26899019
1148,26899019
1149,26899019
1150,26883990
1151,26883990
1152,24685132
1153,24685132
1155,25892145
1156,26921265
1157,26921265
1158,24327581
1159,24793816
1160,23020162
1161,26950277
1162,26943774
1163,26943774
1164,24512910
1165,26956051
1166,26956051
1167,26918451
1168,26918046
1169,26916894
1170,26646755
1171,16906227
1172,26970723
1173,26739882
1174,26243863
1175,26973324
1176,26243863
1177,26243863
1178,26243863
1179,26243863
1180,26371285
1181,26812186
1182,26709701
1183,26881434
1184,26662432
1185,26729443
1186,25971938
1187,20979469
1188,17625570
1189,20979469
1190,18927303
1191,27004155
1192,18593892
1193,20979469
1194,18451166
1195,18594010
1196,22912387
1197,22912387
1198,23724913
1199,25470694
1200,24478318
1201,27022118
1202,20940188
1203,21258415
1204,22912387
1205,22912387
1206,22912387
1207,20979469
1208,27037411
1209,27034505
1210,26397223
1211,26397223
1212,24938562
1213,24938562
1214,27001570
1215,22948721
1216,23313110
1217,22247021
1218,21847063
1219,21862683
1220,22805291
1221,16624552
1222,21690468
1223,22439647
1224,22261812
1225,25542057
1226,23414587
1227,22805292
1228,22805292
1229,22805292
1230,25504439
1231,23582881
1232,23238879
1233,23434733
1234,22038994
1235,25970771
1236,26574622
1237,24670165
1238,21415852
1239,18089725
1240,21345110
1241,23598171
1243,23598171
1244,20979472
1245,25408655
1246,26179511
1247,26179511
1248,26917690
1249,26372962
1250,26372962
1251,25733882
1252,25733882
1253,25733882
1254,25688157
1255,25688157
1256,25688157
1257,25688157
1258,25688157
1259,25688157
1260,25688157
1261,21494621
1262,27058230
1263,19636007
1264,24330038
1265,26221234
1266,22252991
1267,26732095
1269,23598171
1270,23598171
1271,23598171
1272,23639470
1273,26938871
1274,27086918
1275,27009855
1276,27019113
1277,27019113
1278,27092876
1279,25153538
1280,22426421
1281,22426421
1282,26708155
1283,25228534
1284,25228534
1285,25228534
1286,25228534
1287,25228534
1288,25228534
1289,25228534
1290,25228534
1291,25228534
1292,25423555
1293,24088390
1294,24088390
1295,20733134
1296,27091708
1297,27091708
1298,22983505
1300,27010960
1301,24296758
1302,17909070
1303,12840112
1304,11535556
1305,21135251
1306,11751510
1307,16243825
1308,16243825
1309,14645423
1310,23835704
1311,23565280
1313,22619677
1314,22619677
1315,24748501
1316,24297342
1317,19667267
1318,18628482
1319,24631838
1320,24631838
1321,24631838
1322,18757403
1324,11792751
1325,27177629
1326,25322874
1327,26786851
1328,25517749
1329,26554404
1330,26554404
1331,26554404
1332,26554404
1333,23598171
1334,19737969
1335,19737969
1336,27049722
1337,22034911
1338,26775591
1339,26775591
1340,24675041
1341,24675041
1342,24675041
1343,24675041
1344,24675041
1345,24675041
1346,24675041
1347,22277784
1348,22277784
1349,22277784
1350,25727400
1351,25727400
1352,22277784
1353,25727400
1354,25727400
1355,25727400
1356,25727400
1357,22277784
1358,25855885
1359,25855885
1360,23619167
1361,25855885
1362,23619167
1363,23619167
1364,25855885
1365,20368568
1366,23569312
1367,25736571
1368,25736571
1369,16046528
1370,19553641
1371,19553641
1372,12777976
1373,23898052
1374,23898052
1375,24495407
1376,24495407
1377,21278246
1378,22031865
1379,23018865
1380,22802530
1381,22802530
1382,22802530
1383,17936563
1384,17936563
1385,20813970
1386,20813970
1387,25037629
1388,23656643
1389,23656643
1390,23190221
1391,23470965
1392,23470965
1393,23470965
1394,25521405
1395,20522446
1396,26181354
1397,26181354
1398,24508103
1399,24508103
1400,26989536
1401,25550549
1402,24608574
1403,24608574
1404,25673558
1405,26460303
1406,22608338
1407,22608338
1408,22281684
1409,21639808
1410,22356324
1411,25399551
1412,19273710
1413,25589621
1414,24987354
1415,26392102
1416,24345920
1417,25424858
1418,25424858
1419,21933749
1420,27028764
1421,25265494
1422,25265494
1423,25015329
1424,18955458
1425,27069254
1426,27069254
1427,27069254
1428,23549875
1429,23431193
1430,27048246
1432,23382472
1433,27069254
1434,27069254
1435,27069254
1436,27069254
1437,22149875
1438,24625776
1439,22257673
1440,26370156
1441,14504092
1443,22215748
1444,24875859
1445,12660384
1446,12660384
1447,19029981
1448,23204226
1449,23204226
1450,8241511
1451,18689542
1452,20697090
1453,18829560
1454,20141835
1455,15324695
1456,20141835
1457,20141835
1458,22798288
1459,22798288
1460,22798288
1461,22798288
1462,22798288
1463,22805292
1464,26589432
1465,26589432
1466,23775962
1467,26589432
1468,23171796
1469,23171796
1470,23288408
1471,23288408
1472,23414587
1473,18390968
1474,22194965
1475,22194965
1476,24950457
1477,26546616
1478,21483000
1479,23086750
1480,23086750
1481,14726385
1482,26486786
1483,25393796
1484,25393796
1485,24943832
1486,24943832
1487,24943832
1488,24943832
1489,24943832
1490,26589432
1491,23287563
1492,15790433
1493,15900596
1494,26304929
1495,26307133
1496,26307133
1497,26307133
1498,16960151
1499,20728210
1500,24088382
1501,24088382
1502,22294718
1503,22294718
1504,22294718
1505,22294718
1506,22294718
1507,26837699
1508,26124496
1509,24588908
1511,27276561
1512,27276561
1513,27276561
1514,27276561
1515,27276561
1516,27276561
1517,22658127
1518,20696054
1519,21505136
1520,25802883
1521,26000489
1522,25544636
1523,23569316
1524,23569316
1525,24277854
1526,27252418
1527,27252418
1528,27181063
1529,24240112
1530,24240112
1531,24240112
1532,24240112
1533,24504448
1534,24504448
1535,20473330
1536,22383795
1537,24504448
1538,26837699
1539,26837699
1540,26837699
1541,25524798
1542,21997850
1543,27279227
1544,27279227
1545,27279227
1547,27279227
1548,27279227
1549,26787751
1550,26787751
1551,27404270
1552,27404270
1553,27404270
1554,27404270
1555,23969938
1556,23969938
1557,23969938
1558,27137476
1560,23898052
1561,19874578
1562,19874578
1563,16690963
1564,9788599
1565,22162573
1566,21716144
1567,27433843
1568,27433843
1569,27433843
1570,26072686
1571,26072686
1572,18003960
1574,26287849
1575,26287849
1576,26287849
1577,26466010
1578,27093365
1579,26352686
1580,26352686
1581,26359985
1583,24140933
1584,23802768
1585,27288520
1586,27276561
1587,22124213
1588,27325282
1589,27325282
1590,27226433
1591,27460442
1592,26729184
1593,26341751
1594,23329234
1595,20354191
1596,27502722
1597,27499916
1598,26287849
1599,21278246
1600,25002028
1601,26787234
1602,21383288
1603,25766722
1604,23658459
1605,23658459
1606,23658459
1607,25002028
1608,27518686
1609,25002028
1610,21358673
1611,21358673
1612,21358673
1613,21358673
1614,23674493
1615,23724867
1616,23674493
1617,21189378
1618,18281551
1619,19541609
1620,26027660
1621,25982012
1622,25982012
1623,27445490
1624,27445490
1625,19706758
1626,19706758
1627,19706758
1628,24253377
1629,27020857
1630,27020857
1631,24586741
1632,18787170
1633,27022066
1634,27022066
1635,27414035
1636,27414035
1637,26732495
1638,27568520
1639,26061751
1640,26061751
1641,22931316
1642,25294897
1643,27029710
1644,12237773
1645,26428308
1646,25121551
1647,23904111
1648,26936505
1649,24496303
1650,27209210
1651,26845194
1652,27343442
1653,25924824
1654,25502557
1655,27172793
1656,27153245
1657,26207647
1658,25544710
1659,27500726
1660,27500726
1661,26324360
1662,26324360
1663,26314551
1664,24422672
1665,18509184
1666,18509184
1667,27304188
1668,24112705
1669,25515853
1670,27304188
1672,23881929
1673,23881929
1674,23881929
1675,26740259
1676,26740259
1677,25218906
1678,25218906
1679,18951446
1680,27313181
1681,27313181
1682,27313181
1683,27313181
1684,25847936
1685,25847936
1686,22586653
1687,22586653
1688,23348520
1689,27108243
1690,25922291
1691,25922291
1692,25922291
1693,25692060
1694,25636205
1695,25625803
1696,25303977
1697,25186949
1698,24997557
1699,24997557
1700,22810899
1701,22810899
1702,22586653
1703,22586653
1704,22586653
1705,22586653
1706,27276402
1707,22203985
1708,17470858
1709,14993230
1710,24670642
1711,27671675
1712,23793026
1713,27664533
1714,25232318
1715,25232318
1716,24800185
1717,27568520
1724,24550739
1725,27355533
1726,26464169
1727,24185512
1728,27083334
1729,27451907
1730,27451907
1731,27451907
1732,27010960
1733,27718847
1734,26204491
1735,27663592
1736,26124334
1737,12865922
1738,28947956
1739,27391784
1740,23620515
1741,27470558
1742,26359368
1743,24373973
1744,26621817
1745,26674738
1746,27044931
1747,27044931
1748,27044931
1749,20818844
1750,22663011
1751,26422378
1752,3163261
1753,9741544
1754,16258512
1756,27819322
1757,26693073
1758,16088935
1759,16088935
1760,26108461
1761,21177507
1762,21177507
1763,17085664
1764,21172893
1765,26715889
1766,23480694
1767,22238366
1768,20165957
1769,26979979
1770,26182309
1771,19366796
1772,21862407
1773,21862407
1774,24456122
1775,21862407
1776,21862407
1777,24407160
1778,8637704
1779,24407160
1780,26773740
1781,20871596
1782,26773740
1783,10383129
1784,24098545
1785,1568170
1786,26773740
1787,26773740
1788,25111426
1790,25111426
1791,25111426
1792,26313268
1793,25111426
1794,25111426
1795,26313268
1796,25111426
1798,25111426
1799,26773740
1800,23988873
1801,23988873
1802,26173738
1803,23988873
1804,25111426
1805,21584898
1806,25111426
1807,25111426
1808,25111426
1809,26051236
1810,25111426
1811,25111426
1812,25111426
1813,25111426
1814,25111426
1815,25111426
1816,25111426
1817,25111426
1818,25111426
1820,25111426
1821,25111426
1822,25111426
1823,25111426
1824,25111426
1825,25111426
1826,25111426
1827,25111426
1828,10408776
1829,25111426
1830,8956040
1831,25111426
1832,25111426
1833,25111426
1834,25111426
1835,17024664
1836,27626483
1837,25111426
1838,25658984
1839,25111426
1840,25111426
1841,23652803
1842,23652803
1843,23652803
1844,15555571
1845,26689995
1846,24122810
1847,24122810
1848,16307009
1850,26629066
1851,24122810
1852,26629066
1853,24122810
1854,26629066
1856,23800680
1857,7987306
1858,9829912
1859,17224927
1860,17224927
1861,27683556
1862,27159395
1863,24035188
1864,27694386
1865,27694386
1866,26802149
1867,27959700
1868,26565381
1869,26884591
1870,26884591
1871,11830488
1872,11830488
1873,11830488
1874,26884591
1875,11675361
1876,12060124
1877,26674132
1878,26674132
1879,27286459
1880,27286459
1881,25852058
1882,18478040
1887,26712909
1888,22325357
1889,22325357
1890,22325357
1891,25899785
1892,25899785
1893,25899785
1894,25899785
1895,24633157
1896,9435426
1897,27908594
1898,27959684
1899,27959684
1900,26701727
1901,21309036
1902,27729313
1905,27729313
1906,27729313
1907,20124459
1908,27870574
1909,27870574
1910,27870574
1911,27870574
1912,27870574
1913,27870574
1914,8187067
1917,26324363
1918,26324363
1919,26324363
1920,26324363
1921,21309039
1922,27297869
1923,24335962
1924,28211448
1925,28211448
1930,10866302
1931,9331072
1934,9635567
1935,22628360
1936,26444240
1937,20022809
1940,27302369
1942,20151405
1943,20151405
1944,20151405
1945,15932632
1946,15932632
1947,11505222
1948,11536052
1949,12114495
1950,19270817
1951,15932632
1952,24141786
1953,24141786
1958,28029918
1960,26510020
1963,26510020
1971,23729478
1972,8441429
1974,24132921
1975,24132921
1976,24132921
1977,24132921
1979,23729478
1980,26751376
1981,22016507
1984,23559153
1985,27626698
1986,22046346
1987,22046346
1988,22046346
1989,22046346
1990,27179038
1991,27179038
1992,28061634
1993,28223103
1994,27154293
1995,24758907
1996,17356712
1997,17186357
1999,20619739
2001,22392911
2002,20619739
2004,18316791
2008,17409929
2009,19284554
2012,11050000
2013,12483530
2014,16497971
2020,22199315
2022,20453058
2025,19671852
2026,20453058
2034,20453058
2035,21594665
2036,26920887
2037,19223544
2038,23094721
2040,19513541
2041,20453058
2042,19671852
2043,21594665
2045,20453058
2053,21258250
2058,20453058
2062,20453058
2071,20453058
2074,20453058
2078,20453058
2085,20453058
2087,21594665
2089,20453058
2096,20453058
2097,19671852
2098,21594665
2100,17202311
2102,20453058
2103,26920887
2105,17590872
2106,19903786
2115,19001320
2116,19603024
2117,19603024
2118,19603024
2121,19571295
2135,22663011
2137,18682506
2148,19692680
2153,22452896
2156,24755888
2157,26269204
2158,15737014
2159,17020982
2160,18408761
2161,18089823
2162,16818618
2163,18408761
2164,21732342
2165,18408761
2167,19075254
2168,12623848
2169,15930265
2170,19075254
2178,20619739
2181,20619739
2183,22392911
2184,20619739
2187,20619739
2189,20619739
2192,22392911
2193,20619739
2198,20619739
2201,20619739
2204,20619739
2206,22392911
2207,20619739
2209,22392911
2210,20619739
2212,22392911
2213,20619739
2217,20619739
2218,22392911
2219,20619739
2221,23585524
2222,23585524
2223,23585524
2224,23585524
2225,19603018
2231,18316791
2232,18316791
2236,18316791
2240,17409929
2242,22025157
2250,11050000
2251,12483530
2252,16497971
2253,18316791
2257,17409929
2261,11050000
2262,12483530
2263,16497971
2264,18316791
2268,17409929
2269,18316791
2273,17409929
2277,11050000
2278,12483530
2279,16497971
2286,11595686
2292,14514923
2306,14514923
2310,14514923
2327,20975057
2329,23558169
2331,25583779
2332,24333121
2346,26920887
2355,21258250
2361,17590872
2362,19903786
2385,21258250
2417,18955451
2441,18955451
2445,14645423
2448,14645423
2451,14645423
2454,14645423
2460,14645423
2463,14645423
2465,18955451
2466,14645423
2469,14645423
2471,18955451
2472,14645423
2474,18955451
2475,14645423
2477,18955451
2478,14645423
2480,18955451
2481,14645423
2484,14645423
2486,18955451
2487,14645423
2503,21882184
2505,21343559
2506,22663011
2508,20038723
2512,19692680
2513,15329413
2519,22370314
2559,15329413
2621,20038723
2624,15329413
2625,24893891
2626,18408761
2627,18089823
2628,16818618
2629,18408761
2631,18408761
2632,15329413
2634,22370314
2636,12623848
2638,15930265
2640,18191450
2641,19075254
2642,12623848
2644,16772610
2645,19075254
2646,12623848
2647,15930265
2648,19075254
2649,18191450
2650,19075254
2651,12623848
2653,18191450
2654,16772610
2655,19075254
2656,12623848
2657,15930265
2658,18191450
2659,19075254
2660,12623848
2661,15930265
2662,19075254
2663,19075254
2664,12623848
2666,19075254
2667,19075254
2668,12623848
2669,15930265
2670,19075254
2671,18191450
2674,19075254
2675,12623848
2676,15930265
2677,18191450
2679,12623848
2680,15930265
2681,18191450
2682,19075254
2683,12623848
2684,15930265
2685,19075254
2686,18191450
2687,19075254
2688,12623848
2689,15930265
2697,11595686
2745,11595686
2771,11595686
2783,10786679
2784,10786679
2799,14514923
2818,14514923
2819,14514923
2820,14514923
2829,19075254
2830,23585524
2831,23585524
2832,23585524
2835,23585524
2837,23585524
2839,23585524
2840,23585524
2841,23585524
2843,23585524
2845,23585524
2846,23585524
2849,23585524
2850,19075254
2851,16772610
2853,16772610
2854,16772610
2861,16772610
2862,19075254
2863,16772610
2864,19075254
2866,26920887
2867,26920887
2868,27908594
2878,27908594
2879,27908594
2880,27908594
2881,27908594
2882,27908594
2883,27908594
2884,27908594
2886,21642685
2888,19035443
2889,18510589
2892,15824158
2893,16033819
2895,19274060
2896,16467086
2897,17020971
2898,21156401
2899,17442989
2901,21365007
2902,16541434
2903,21331613
2904,19118063
2905,24595080
2906,27211795
2907,23515407
2913,19472011
2915,27535980
2918,16954519
2919,16954519
2920,16954519
2921,16954519
2922,16954519
2923,16954519
2924,16954519
2926,28351930
2927,21993670
2929,25673644
2931,26987942
2933,28148839
2934,23724914
2935,25351745
2936,18632602
2937,28284557
2939,17409929
2940,26193344
2941,26193344
2943,20570890
2948,28183697
2949,28183697
2950,28183697
2951,28183697
2952,28183697
2953,26603524
2955,26216294
2958,28183697
2959,28183697
2960,26546295
2961,26546295
2963,17671205
2964,25730903
2965,26459177
2966,26459177
2967,25730903
2968,17671205
2972,8929264
2973,18832571
2974,18832571
2975,18832571
2976,18832571
2982,27364904
2983,25686104
2984,27489350
2985,27489350
2986,11536052
2987,28183697
2988,25970248
2991,23585477
2993,11595686
2994,24868098
2995,24868098
2996,23982599
2997,23982599
2998,28492898
2999,28453411
3000,28476872
3003,28490518
3004,22046346
3005,22046346
3006,22046346
3007,15256420
3008,15304385
3009,15304385
3010,15304385
3012,23497317
3013,11595686
3014,11595686
3015,28202511
3016,20038723
3017,27283860
3027,27315356
3028,22114577
3029,16046538
3034,17330097
3038,25952648
3039,28489509
3040,28489509
3042,25730903
3043,18832571
3044,18832571
3045,26788326
3046,28486044
3047,28269754
3049,28103611
3690,20619739
3693,25666295
3704,20619739
3710,26161928
3713,22025157
3715,21969500
3722,24265155
3724,24265155
3729,22357840
3732,20619739
3733,22180495
3739,25666295
3750,23569304
3755,26557775
3757,25524477
3758,25399551
3777,25524464
3787,26490654
3791,22285168
3792,21969500
3794,15329413
3802,21531810
3810,19147750
3811,19147750
3815,21865346
3816,22371878
3817,17264298
3819,19779040
3820,16775234
3822,25686603
3824,20619739
3827,20619739
3832,20619739
3841,20619739
3842,20619739
3845,20619739
3847,20619739
3851,22256804
3852,26561417
3858,25666295
3861,20619739
3862,22722830
3864,22025157
3867,20619739
3870,20619739
3872,20619739
3878,22722830
3881,20619739
3882,25666295
3889,26161928
3895,21969500
3917,20619739
3924,26161928
3939,20619739
3946,26161928
3957,24265155
3958,22246397
3967,20619739
3973,26161928
3987,20619739
3989,22722830
3991,26161928
4006,20619739
4012,26161928
4022,15459012
4029,24265155
4046,27045755
4047,20619739
4051,17590872
4052,19903786
4056,18955458
4060,18955458
4061,25239608
4062,18955458
4072,18955458
4077,18955458
4082,18955458
4084,25239608
4087,25239608
4095,18955458
4100,18955458
4104,27371698
4121,27371698
4122,18955458
4125,25239608
4127,25239608
4136,18955458
4139,22614970
4141,25317746
4142,18955458
4144,27371698
4147,21523734
4167,25239608
4169,25239608
4180,25524477
4181,25399551
4186,17177598
4187,17177598
4188,17177598
4189,21531810
4190,19147750
4197,19147750
4198,15329413
4201,21969500
4209,15329413
4210,21531810
4220,21531810
4226,21531810
4231,21531810
4239,21531810
4244,21531810
4248,21531810
4252,21531810
4256,21531810
4260,21531810
4264,21531810
4265,17877814
4266,19147750
4273,22895145
4274,19147750
4275,24353160
4276,24353160
4279,20942962
4280,19147750
4284,18408761
4285,21132006
4286,24353160
4287,27612423
4288,22235099
4290,27032107
4291,27102076
4292,27102076
4293,24893891
4294,24893891
4295,17177598
4298,21531810
4299,17177598
4301,20942962
4302,19779040
4304,17264298
4305,16775234
4307,21865346
4308,22371878
4310,21865346
4311,25686603
4313,21865346
4314,22371878
4316,19779040
4318,17264298
4320,25686603
4321,26582647
4323,25686603
4324,26582647
4327,19779040
4329,25686603
4330,26582647
4331,21865346
4332,22371878
4334,17264298
4335,19779040
4336,16775234
4340,21865346
4345,25686603
4347,22371878
4348,21865346
4350,19779040
4352,17264298
4353,16775234
4355,25686603
4357,21865346
4359,19779040
4360,25686603
4362,22371878
4364,21865346
4365,19779040
4368,27485109
4369,25686603
4371,26582647
4373,16775234
4376,17264298
4381,21865346
4382,22371878
4386,27485109
4390,25686603
4391,26582647
4394,22371878
4396,19779040
4397,17264298
4398,16775234
4399,26582647
4400,21865346
4402,17264298
4403,19779040
4404,16775234
4406,19779040
4407,16775234
4410,22371878
4411,21865346
4413,19779040
4417,25686603
4424,20619739
4429,20619739
4432,20619739
4434,16775234
4436,16775234
4438,25686603
4440,22371878
4441,25686603
4442,26582647
4443,21865346
4444,22371878
4447,19779040
4448,16775234
4455,25239608
4459,25239608
4463,20619739
4464,20619739
4467,20619739
4468,19147750
4472,26989027
4475,21865346
4477,26582647
4478,21865346
4480,22371878
4481,17264298
4482,19779040
4483,16775234
4486,21865346
4487,27364904
4488,18287029
4489,20551065
4493,24353160
4494,24353160
4495,19147750
4496,19147750
4497,24353160
4498,24265155
4500,17177598
4510,25239608
4519,26243863
4521,24265155
4525,25686603
4527,19779040
4529,25686603
4530,21865346
4531,22371878
4532,19779040
4533,16775234
4534,25686603
4535,25686603
4537,26582647
4538,22371878
4540,19779040
4541,27485109
4543,19779040
4545,22371878
4546,21865346
4549,21865346
4551,21865346
4552,22371878
4554,21865346
4559,21865346
4561,19075254
4563,21865346
4565,21865346
4567,22371878
4568,21865346
4571,19779040
4583,25239608
4589,22614970
4594,25239608
4595,22614970
4597,18955458
4599,23177515
4605,22614970
4620,27045755
4623,23415752
4628,23177515
4629,22614970
4630,25239608
4631,25239608
4643,23371856
4650,22895145
4653,25759020
4654,26822128
4655,20942962
4656,20942962
4657,20942962
4658,20942962
4659,20942962
4665,24353160
4667,15329413
4669,21531810
4692,16775234
4702,16775234
4704,17264298
4706,16775234
4710,17264298
4711,16775234
4718,16775234
4729,22180495
4755,21531810
4759,21531810
4762,21531810
4766,27566387
4768,22371878
4769,22371878
4776,25765070
4777,25765070
4783,24265155
4784,24265155
4785,25666295
4786,25769807
4787,26758680
4788,26758680
4791,25317746
4799,24353160
4800,24353160
4801,24353160
4802,24353160
4803,24353160
4814,28978004
4825,27433843
4826,27364904
4832,28103578
4833,28193778
4835,28475456
4838,28242752
4839,28242752
4840,28526536
4841,27124835
4842,27217383
4844,28079291
4845,24705250
4846,24705250
4847,27825636
4848,27803005
4849,27825616
4850,27544060
4855,28430626
4856,28453554
4857,28472902
4858,28586279
4859,26768165
4860,26768165
4861,26324363
4862,27876675
4863,28525386
4864,28259530
4866,26666244
4867,25722381
4868,26802155
4869,27167191
4871,27998968
4872,26528855
4874,28490518
4875,28242752
4876,28242752
4877,12748244
4879,25730903
4880,25730903
4881,25730903
4882,25730903
4883,25730903
4884,25730903
4885,25730903
4886,25730903
4887,25730903
4888,25730903
4889,25730903
4890,25730903
4891,25730903
4895,12202531
4896,12202531
4898,23298237
4905,24933606
4906,7728151
4907,7728151
4908,7728151
4909,7728151
4910,7728151
4911,7728151
4912,7728151
4913,7728151
4914,7728151
4916,7728151
4917,7728151
4918,7728151
4919,7728151
4920,7728151
4921,7728151
4922,7728151
4923,7728151
4924,7728151
4925,7728151
4926,7728151
4927,7728151
4928,7728151
4929,7728151
4930,7728151
4931,15118073
4932,7728151
4933,7728151
4934,7728151
4935,7728151
4936,7728151
4937,7728151
4938,7728151
4939,7728151
4940,7728151
4941,7728151
4942,7728151
4943,7728151
4944,7728151
4945,7728151
4946,7728151
4947,7728151
4955,27626067
4956,7987306
4958,7987306
4959,7987306
4961,7987306
4962,7987306
4963,7987306
4964,7987306
4965,7987306
4967,7987306
4970,7987306
4971,7987306
4973,7987306
4974,7987306
4975,7987306
4976,7987306
4977,7987306
4982,7987306
4983,7987306
4984,7987306
4987,7987306
4996,26209642
4997,20038723
4998,8730290
5013,8730290
5017,28404093
5018,28404093
5019,28404093
5020,17024664
5022,17024664
5024,17024664
5026,17661816
5027,17661816
5029,17661816
5033,9829911
5034,9829911
5035,9829911
5037,9829911
5040,9829911
5041,9829911
5042,9829911
5043,9829911
5044,9829911
5045,9829911
5046,9829911
5047,9829911
5048,9829911
5049,9829911
5050,9829911
5051,9829911
5052,9829911
5053,9829911
5054,9829911
5055,9829911
5056,9829911
5057,9829911
5058,9829911
5059,9829911
5061,9829911
5062,9829911
5064,9829911
5066,9829911
5067,9829911
5068,28103611
5069,28588020
5070,22766794
5071,22766794
5072,22766794
5080,7728151
5092,8956040
5094,17661816
5096,17661816
5097,17661816
5098,17661816
5099,17661816
5100,17661816
5101,17661816
5103,17661816
5104,17661816
5105,17661816
5125,17024664
5128,17024664
5130,17024664
5131,17024664
5133,17024664
5134,17024664
5135,17024664
5137,17024664
5138,17024664
5139,17024664
5140,17024664
5141,17024664
5143,17024664
5144,17024664
5145,17024664
5146,17024664
5147,17024664
5148,17024664
5149,17024664
5150,17024664
5151,17024664
5152,17024664
5153,17024664
5154,17024664
5155,17024664
5156,17024664
5157,17024664
5158,17024664
5159,17024664
5160,17024664
5161,17024664
5162,17024664
5163,17024664
5165,17024664
5166,17024664
5167,17024664
5168,17024664
5169,17024664
5170,17024664
5171,17024664
5172,17024664
5174,19270817
5175,19270817
5176,19270817
5177,21463266
5178,21463266
5179,21463266
5183,21463266
5184,21463266
5188,21463266
5189,21463266
5191,21463266
5193,21463266
5196,21463266
5197,21463266
5198,21463266
5199,21463266
5200,21463266
5202,21463266
5203,21463266
5205,21463266
5212,21463266
5215,26282658
5217,21463266
5245,21972040
5246,21972040
5247,21972040
5248,21972040
5249,21972040
5250,19464396
5260,9829912
5261,28546144
5262,9829912
5263,9829912
5264,9829912
5265,9829912
5266,9829912
5267,9829912
5269,9829912
5270,9829912
5271,9829912
5272,9829912
5273,9829912
5274,9829912
5275,9829912
5276,9829912
5279,9829912
5280,9829912
5281,9829912
5282,9829912
5283,9829912
5284,9829912
5285,9829912
5286,9829912
5287,9829912
5288,9829912
5289,9829912
5290,9829912
5293,9829912
5294,9829912
5295,9829912
5296,9829912
5297,9829912
5298,9829912
5299,9829912
5300,9829912
5301,9829912
5302,9829912
5303,9829912
5305,19464396
5323,26951309
5328,20518900
5331,20518900
5332,20518900
5334,20560986
5335,20560986
5336,20560986
5338,28679771
5339,27751729
5340,8641976
5341,8641976
5343,8641976
5344,28275037
5345,28275037
5346,18955458
5347,18955458
5348,18955458
5349,8641976
5350,22357840
5351,8707293
5352,8707293
5353,8707293
5354,8707293
5355,8707293
5356,8707293
5357,8707293
5358,8707293
5359,8707293
5360,8707293
5361,8707293
5363,8707293
5364,8707293
5365,8707293
5366,8707293
5368,8707293
5369,8707293
5370,8707293
5371,8707293
5372,8707293
5373,8707293
5374,8707293
5375,8707293
5376,8707293
5377,8707293
5379,10761708
5380,10761708
5381,10761708
5382,10761708
5383,10761708
5386,10761708
5399,12000816
5400,12000816
5401,12000816
5402,12000816
5403,12000816
5404,12000816
5405,12000816
5406,12000816
5407,12000816
5408,12000816
5409,12000816
5410,12000816
5411,12000816
5412,12000816
5413,12000816
5414,12000816
5415,12000816
5416,12000816
5417,12000816
5418,12000816
5420,11409863
5422,11409863
5424,11409863
5426,11409863
5427,11409863
5428,11409863
5430,11409863
5431,11409863
5432,11409863
5433,11409863
5434,11409863
5435,11409863
5436,11409863
5437,11409863
5440,11409863
5441,11409863
5442,11409863
5443,11409863
5444,20583150
5445,20660572
5446,20660572
5447,20660572
5448,20660572
5449,20660572
5450,20660572
5451,20660572
5452,20660572
5453,20660572
5454,20660572
5455,20660572
5456,20660572
5457,20660572
5458,20660572
5459,20660572
5460,20660572
5461,20660572
5462,20660572
5463,20660572
5464,20660572
5465,20660572
5466,20660572
5467,20660572
5468,20660572
5469,20660572
5470,20660572
5471,20660572
5472,20660572
5473,20660572
5474,20846682
5475,20846682
5476,20846682
5477,20846682
5478,20846682
5479,20846682
5480,20846682
5481,20846682
5482,20846682
5483,12114495
5484,20846682
5485,20846682
5486,20846682
5487,12114495
5489,12114495
5491,12114495
5493,12114495
5495,12114495
5496,12114495
5498,12114495
5499,12114495
5500,12114495
5501,12114495
5505,21889194
5506,19543324
5507,28471952
5508,17131328
5510,12202531
5511,12202531
5512,12202531
5513,12202531
5514,12202531
5515,12202531
5516,12202531
5530,24647522
5533,26428316
5534,26428316
5535,26428316
5538,12414898
5543,12624160
5544,12624160
5545,12624160
5546,12624160
5547,12624160
5548,12624160
5549,12624160
5550,12624160
5553,12624160
5554,12624160
5561,22133049
5576,14722919
5577,14722919
5578,14722919
5582,14722919
5583,14722919
5592,22156657
5599,23038758
5610,22156657
5637,7987306
5638,7987306
5639,7987306
5640,7987306
5641,7987306
5642,7987306
5643,7987306
5646,8956040
5649,9829911
5650,9829911
5651,9829911
5653,9829912
5654,9829912
5660,22438210
5675,22808142
5676,25628030
5679,23673869
5682,23143947
5689,23298237
5691,23298237
5693,23384228
5720,10567493
5722,10862095
5724,17024664
5725,17024664
5726,17024664
5727,17024664
5728,17024664
5729,17024664
5730,17024664
5731,17024664
5732,17024664
5733,17024664
5734,17024664
5735,17024664
5736,17024664
5737,17024664
5738,17024664
5739,17024664
5740,17024664
5741,17024664
5742,17024664
5743,17024664
5744,17024664
5745,17024664
5748,17661816
5749,17661816
5750,20151405
5761,20151405
5765,22357542
5766,22357542
5767,22357542
5768,22357542
5769,22357542
5771,22357542
5772,22357542
5773,22357542
5774,22357542
5775,22357542
5776,22357542
5777,22357542
5780,25562111
5786,25563310
5787,22101352
5794,24396697
5798,25586603
5799,25586603
5801,24877602
5805,25715769
5807,25883647
5811,25891174
5814,27626312
5815,28578601
5816,28578601
5829,24934408
5830,28792849
5831,28792849
5833,28418267
5834,24869598
5835,28958504
5836,23099803
5840,28330462
5845,25952756
5851,8707293
5858,28950338
5859,28950338
5863,9681858
5864,9829912
5865,9829912
5886,22187960
5887,22187960
5888,22187960
5892,22187960
5897,22187960
5899,22187960
5900,22187960
5902,28480077
5903,28078132
5904,25435907
5905,26287849
5906,26687137
5908,29182496
5909,29290255
5912,29182496
5913,25366685
5914,25366685
5915,25072261
5916,25072261
5922,20942962
5923,20942962
5924,20826716
5925,27664271
5929,28389374
5932,29338080
5933,29338080
5934,29223478
5935,29223478
5936,21508395
5938,24353160
5947,24353160
5952,26933125
5953,27197561
5954,24687827
5955,22374460
5956,15581051
5957,28281183
5958,29320312
5959,29320312
5960,29320312
5961,29320312
5962,29320312
5964,29320312
5965,29320312
5966,29320312
5967,29320312
5968,29320312
5969,29320312
5970,29320312
5971,29320312
5972,29320312
5973,29320312
5974,29320312
5975,29320312
5977,29320312
5978,29320312
5979,29320312
5980,29320312
5981,29320312
5982,29320312
5983,29320312
5984,29320312
5985,29320312
5986,29320312
5987,27466707
5988,27735949
5989,19533750
5992,25452615
5994,29127119
6000,27694828
6001,18794803
6002,18794803
6003,18794803
6004,18794803
6005,28874593
6006,28874593
6019,26733615
6027,7591282
6034,26033501
6042,26942346
6043,25028698
6044,27480103
6045,26287849
6046,28363909
6047,28363909
6049,24788118
6059,7728151
6060,7728151
6061,7728151
6062,7977367
6091,24705252
6096,29610121
6098,29606586
6099,29606586
6100,29606586
6101,29606586
6102,29606586
6103,29606586
6106,9663592
6108,9663592
6109,9829912
6110,9829912
6111,9829912
6112,12202531
6114,14722919
6115,14722919
6116,14722919
6119,14722919
6121,17661816
6122,17661816
6123,29431699
6124,29431699
6131,11505222
6167,11505222
6170,23826550
6171,20504363
6174,28274957
6178,28891408
6179,28891408
6180,28891408
6181,23749122
6182,23749122
6183,27022112
6184,27022112
6186,27022112
6188,17575221
6189,17575221
6190,15705718
6191,18371219
6192,15705718
6193,15705718
6194,16772610
6196,16772610
6198,17947469
6199,17947469
6200,19652056
6201,28630796
6202,19010894
6203,19010894
6204,19010894
6206,19010894
6207,19010894
6208,15705718
6209,19010894
6210,15705718
6211,19010894
6213,19010894
6214,15705718
6215,15705718
6216,15705718
6217,15705718
6218,15705718
6219,15705718
6221,27617348
6222,29396065
6223,28256701
6232,19652056
6233,19652056
6234,16772610
6235,16772610
6236,16772610
6237,16772610
6238,16772610
6239,16772610
6240,16772610
6241,16772610
6242,16772610
6243,16772610
6244,16772610
6245,16772610
6246,16772610
6247,16772610
6250,16772610
6251,16772610
6252,16772610
6253,16772610
6254,16772610
6255,16772610
6256,16772610
6257,16772610
6258,16772610
6259,24265155
6260,24265155
6261,24265155
6262,24265155
6263,24265155
6264,24265155
6266,24265155
6267,16772610
6268,24265155
6270,16772610
6271,24265155
6273,29802158
6274,16772610
6275,24265155
6282,16772610
6285,16772610
6287,26365017
6289,26984080
6290,26584481
6292,19603024
6293,19603024
6294,19603024
6295,19603024
6296,19603024
6297,19603024
6298,19603024
6299,19603024
6300,19603024
6301,19603024
6302,19603024
6303,19603024
6304,19603024
6305,19603024
6306,19603024
6307,19603024
6308,19779040
6309,19779040
6310,19779040
6311,19779040
6312,19223544
6314,19223544
6315,19223544
6316,19223544
6317,24265155
6319,19223544
6320,19223544
6322,19223544
6323,19223544
6329,15709172
6335,21865346
6336,21865346
6337,21865346
6341,27908594
6342,19652056
6343,27908594
6352,28650583
6362,19223544
6363,19223544
6375,23094721
6376,26758680
6377,27371698
6380,24081659
6381,25180155
6382,27069254
6391,29892662
6392,29683819
6393,29683819
6394,29683819
6396,29920189
6400,24265155
6401,24265155
6402,19603024
6403,19603024
6408,22869148
6409,29848605
6416,12000816
6417,12000816
6428,7728151
6439,27231123
6441,29773717
6442,20193854
6446,9811934
6450,24705251
6453,22286216
6463,24162739
6468,26622630
6469,24162739
6473,27093299
6474,26784937
6475,29623306
6484,29755131
6503,24132471
6504,24132471
6505,24132471
6506,24132471
6507,24132471
6509,24132471
6510,24132471
6511,24132471
6512,24132471
6513,24132471
6514,24132471
6516,24132471
6518,24132471
6519,24132471
6520,24132471
6522,24132471
6523,24132471
6525,24132471
6546,25867206
6547,25867206
6548,25867206
6549,25867206
6550,25867206
6551,25867206
6552,25867206
6553,25867206
6554,25867206
6557,26763786
6567,29466156
6568,29466156
6569,29606586
6573,26763786
6574,26763786
6576,26763786
6577,26763786
6579,26763786
6581,26763786
6582,26763786
6583,26763786
6584,26763786
6585,26763786
6587,26763786
6588,26763786
6589,26763786
6590,26763786
6592,26763786
6593,26763786
6595,26763786
6596,26763786
6597,26763786
6599,26763786
6600,25867206
6601,25867206
6602,25867206
6603,25867206
6604,25867206
6605,25867206
6606,25867206
6607,25867206
6608,25867206
6609,25867206
6610,25867206
6612,25867206
6613,25867206
6614,25867206
6615,25867206
6616,25867206
6617,25867206
6618,25867206
6619,25867206
6620,25867206
6621,25867206
6622,25867206
6623,25867206
6624,25867206
6625,25867206
6626,25867206
6627,25867206
6628,25867206
6644,28379443
6654,26437031
6661,25834951
6662,25834951
6696,28469506
6710,26308528
6723,12673678
6724,12673678
6728,23797736
6742,27439424
6789,28388566
6791,28388566
6860,25078357
6862,25078357
6890,7915601
6905,7915601
6907,7915601
6915,7915601
6918,7915601
6925,7915601
6930,29880614
6933,23530248
6937,25265492
6938,25265492
6939,25265492
6940,23020132
6941,23020132
6950,29912274
6952,27135738
6955,24705254
6959,25448848
6960,25448848
6964,25207766
6965,25265494
6966,25037139
6969,25207766
6970,19652056
6971,19652056
6975,29072975
6976,24186319
6977,22371878
6978,22371878
6979,22371878
6980,22371878
6981,22371878
6982,22371878
6983,22371878
6984,22371878
6985,22371878
6986,22371878
6987,22371878
6988,22371878
6989,22371878
6990,22371878
6991,22371878
6992,22371878
6993,22371878
6994,22371878
6995,22371878
6996,22371878
6997,22371878
6998,22371878
6999,29434033
7004,25867206
7005,25867206
7007,29773603
7008,22034177
7009,12039929
7010,12039929
7011,28446439
7016,26650448
7017,26146478
7018,26976114
7019,18391746
7020,21818111
7021,27860260
7024,21783417
7028,26872634
7029,17264298
7030,17264298
7031,17264298
7033,17264298
7034,17264298
7035,17264298
7036,17264298
7037,17264298
7038,17264298
7039,17264298
7040,17264298
7041,17264298
7042,17264298
7043,17264298
7044,17264298
7045,17264298
7046,17264298
7056,24037524
7066,161573
7068,161573
7069,161573
7070,161573
7096,29196463
7107,27589690
7114,27589690
7115,27589690
7116,27589690
7124,23252872
7125,24124145
7128,25207766
7134,29789510
7141,29662268
7147,20543203
7148,23817572
7155,30718506
7156,20008640
7157,21502544
7158,21641636
7159,24112392
7161,23538418
7173,11051239
7185,30683736
7188,29948154
7189,29948154
7190,29948154
7191,29948154
7192,29948154
7193,29948154
7194,29948154
7195,28595259
7199,29156677
7200,21610142
7203,23583981
7208,26681761
7212,20018760
7215,21343334
7220,19903786
7227,24045412
7238,20139093
7241,24215620
7246,29223982
7248,25207766
7249,25207766
7251,25207766
7253,21391972
7254,21391972
7257,25207766
7260,168986
7261,160559
7264,169315
7272,160289
7274,30345884
7275,30345884
7276,30345884
7278,29860938
7282,30980071
7283,28645776
7284,28586279
7285,28602779
7286,30413378
7287,29573941
7288,18955458
7289,18955458
7290,30487223
7291,30643249
7292,30938769
7293,27259011
7299,158598
7300,158598
7302,30857956
7312,26314551
7313,31091374
7314,31064887
7315,31091374
7316,31091374
7318,31091374
7319,18974108
7329,30420614
7331,30807234
7337,18974108
7355,147167
7361,28787259
7362,28787259
7363,28958502
7365,30044693
7366,30044693
7369,21482694
7370,21482694
7375,21482694
7378,21482694
7379,21482694
7380,21482694
7382,21482694
7383,19129520
7384,31157963
7385,31157963
7392,25239608
7393,25239608
7395,25239608
7397,25239608
7401,25239608
7402,28002790
7404,25335741
7413,25239608
7414,25239608
7415,25239608
7416,25239608
7417,25239608
7418,30204247
7419,30204247
7420,30204247
7421,29054983
7422,31340094
7430,17363498
7444,174591
7446,174406
7447,31300360
7449,173496
7451,24335498
7463,25317746
7465,25317746
7468,31091374
7480,29538669
7481,26633560
7483,30171048
7487,31151904
7488,25193991
7492,31068372
7493,31068372
7496,30624546
7498,31391294
7525,31395785
7527,31395785
7528,31395785
7529,31395785
7530,31395785
7531,31395785
7532,27815723
7538,31399568
7540,25669829
7541,29507076
7552,28783719
7553,28783719
7554,28783719
7556,28783719
7559,28972961
7566,29941343
7572,177193
7583,31513482
7586,31086949
7587,31086949
7601,172409
7610,31208370
7612,31566309
7614,15035987
7616,31580757
7629,31580757
7630,31580757
7634,31580757
7635,31580757
7636,31575541
7638,31453370
7642,123413
7643,26892698
7645,7759077
7647,31047804
7651,27894077
7655,24367893
7671,25207766
7672,25207766
7673,25207766
7674,25207766
7675,25207766
7677,25452114
7694,28278724
7696,25207766
7697,25207766
7698,28408464
7699,25207766
7700,28408464
7702,25207766
7704,28408464
7705,28408464
7706,28408464
7707,28408464
7710,27525386
7724,32043779
7725,31615936
7726,31615936
7728,31665578
7730,29903880
7744,24215620
7763,31010895
7765,11433531
7766,25686603
7767,25686603
7768,25686603
7769,25686603
7770,25686603
7771,25686603
7772,25686603
7773,25686603
7774,25686603
7775,25686603
7776,25686603
7777,25686603
7778,25686603
7779,25686603
7780,25686603
7781,25686603
7783,27125982
7784,23960186
7787,31871216
7793,30339198
7796,25971938
7797,25971938
7798,29408328
7800,28903422
7801,29408328
7807,26296355
7811,24302556
7812,23377183
7813,23377183
7814,23377183
7815,23377183
7816,23377183
7817,23377183
7818,23377183
7820,16775234
7822,16775234
7823,16775234
7825,16775234
7826,16775234
7833,23786770
7838,18191450
7839,18191450
7841,18191450
7842,18191450
7843,18191450
7844,18191450
7845,18191450
7846,18191450
7847,18191450
7848,18191450
7849,18191450
7850,18191450
7852,31372595
7853,18191450
7855,31924734
7862,23377183
7863,23377183
7864,23377183
7869,26870817
7871,25962120
7874,18191450
7875,18191450
7888,25962120
7889,11850829
7890,11850829
7891,11850829
7892,11850829
7893,11850829
7894,11850829
7895,11850829
7898,25962120
7899,25962120
7900,25962120
7901,25962120
7903,25962120
7905,25962120
7906,25962120
7907,25962120
7909,25962120
7910,25962120
7911,25962120
7913,25962120
7915,25962120
7916,25962120
7917,25962120
7918,25962120
7919,25962120
7920,25962120
7923,25962120
7924,25962120
7925,25962120
7926,25962120
7927,25962120
7928,25962120
7929,25962120
7930,25962120
7933,29596029
7935,20147967
7936,20147967
7941,23786770
7942,16775234
7943,16775234
7945,16775234
7946,16775234
7947,16775234
7948,16775234
7949,16775234
7950,16775234
7955,27489863
7956,28672024
7962,27900359
7965,19197950
7967,17172831
7981,20332486
7983,20332486
7986,30592434
7988,19366796
7990,12944919
7991,29760553
7992,29760553
7993,31905241
7994,29237803
7996,27870571
7997,26404892
7998,27428428
7999,27870571
8002,16775234
8007,20453058
8008,20453058
8009,20453058
8011,20453058
8012,20453058
8013,20453058
8016,20453058
8017,20453058
8018,20453058
8019,20453058
8020,20453058
8022,20453058
8042,29610391
8063,28424201
8065,26942101
8067,21294614
8090,12623848
8091,12623848
8092,12623848
8093,12623848
8094,12623848
8095,27870571
8096,27870571
8097,27870571
8099,27870571
8100,27870571
8101,27894077
8102,28408464
8103,28408464
8104,27176795
8105,27176795
8106,28516360
8108,27908881
8112,27489350
8115,29408328
8173,32203698
8177,26537301
8183,19010894
8185,32232486
8193,27562493
8194,27562493
8195,31988000
8196,31988000
8215,11148816
8218,11148816
8222,11148816
8233,28408464
8260,32068648
8265,19561568
8267,19010894
8271,19010894
8274,19010894
8275,19010894
8276,19010894
8278,19010894
8279,19010894
8313,30604891
8321,19381019
8330,14737077
8332,9462753
8336,22858906
8337,22858906
8338,22858906
8339,22858906
8340,22858906
8341,22858906
8342,22858906
8347,28545823
8351,27908881
8360,16434489
8364,22180495
8367,22180495
8374,30835257
8375,31234236
8376,31234236
8469,16042317
8491,18474773
8504,32343890
8505,32343890
8506,22180495
8507,22180495
8508,12623848
8509,12623848
8510,26919435
8517,27908881
8518,27908881
8536,26920887
8547,26920887
8548,26920887
8549,26920887
8599,27069254
8605,20151405
8606,20151405
8607,20151405
8608,20151405
8627,27157931
8628,25965575
8642,31316618
8651,14722919
8652,28094316
8653,29804288
8654,22858906
8657,28501140
8662,26920887
8663,26920887
8705,26920887
8706,26920887
8707,26920887
8771,18580449
8773,32822286
8840,26161928
8841,31160589
8842,32343890
8847,32877583
8850,32846060
8851,32846061
8852,32846061
8853,16338952
8854,25606676
8855,19749790
8856,30725494
8857,30725494
8858,15178581
8862,15105654
8865,30204247
8868,23104868
8878,30709876
8881,16338952
8885,12039929
8886,12039929
8900,26563355
8901,26563355
8902,32050835
8903,24445538
8904,24445538
8917,31725893
8923,27908881
8924,28516360
8930,31725893
8931,29880614
8933,30809568
8943,28002790
8944,28002790
8945,21525573
8946,8640234
8968,21382250
8969,8634692
8970,8634692
8971,8634692
8972,8634692
8973,8634692
8985,8634692
8988,8634692
8989,8634692
8990,8634692
8991,8634692
8992,8634692
8993,8634692
8994,8634692
8995,8634692
8996,8634692
8997,8634692
8998,8634692
8999,8634692
9000,8634692
9011,25360585
9012,28346326
9018,27460442
9020,20660572
9021,35135096
9067,7728151
9073,27229714
9074,22897847
9075,28408464
9076,28408464
9077,28408464
9078,28408464
9079,28408464
9080,28408464
9083,18191450
9084,18191450
9131,25766326
9148,33357483
9149,33357483
9150,23175662
9151,18007576
9152,27894077
9153,31434701
9158,21388681
9159,32306475
9160,27894117
9161,18205209
9162,22897847
9163,17541395
9164,19794096
9165,26600955
9166,21863287
9167,23168614
9168,28057740
9169,27855558
9170,16174717
9171,30028819
9177,27176795
9178,25207766
9211,31434701
9212,31142515
9213,25768406
9215,25766326
9216,25766326
9219,31160355
9220,31208370
9221,31208370
9223,31208370
9224,31208370
9225,31208370
9228,32600123
9239,23284920
9244,24045412
9285,21445056
9286,21232794
9325,29533785
9326,29533785
9330,24642870
9331,24642870
9332,25766326
9333,29533785
9334,25766326
9335,25766326
9336,25766326
9338,25766326
9339,29588308
9360,31434701
9361,28408464
9362,29507076
9377,29650362
9404,29907598
9412,21078963
9420,22729224
9421,23475934
9427,26250934
9431,34096690
9451,20407015
9452,20407015
9453,20407015
9479,24631838
9496,20407015
9502,20407015
9517,21190999
9518,21190999
9519,21190999
9520,21190999
9521,21190999
9522,21190999
9526,22286216
9527,15035987
9532,34166060
9537,12202531
9538,12202531
9539,12202531
9540,12202531
9541,12202531
9542,12202531
9543,29533785
9546,22286216
9547,30865549
9551,29533785
9556,24631838
9574,27147599
9583,22286216
9584,29533785
9588,30624546
9589,30624546
9592,30624546
9593,30624546
9594,34166060
9632,32636318
9633,33750196
9697,22046346
9709,33035457
9720,21813447
9778,20713864
9787,17950782
9788,25341748
9789,33637608
9805,20978130
9806,20978130
9807,20978130
9808,20978130
9809,20978130
9851,31566309
9868,20601953
9883,25453902
9945,27904766
9946,27904766
9947,27904766
9978,11244503
9993,23060122
10011,24705252
10012,24705252
10013,24705252
10014,24705252
10015,24705252
10016,26870817
10031,28424201
10032,28424201
10033,28424201
10034,28424201
10035,28424201
10059,25730903
10066,17177598
10074,25730903
10077,26758680
10079,24633157
10093,26884591
10094,26884591
10095,26884591
10096,26884591
10097,26884591
10098,26884591
10099,26884591
10111,29300189
10112,16717057
10126,22403669
10137,23995526
10138,26706833
10139,35027467
10140,34534430
10142,19884554
10143,19884554
10144,28148839
10145,22705007
10146,30797591
10150,26169997
10170,30624546
10171,7728151
10176,7728151
10177,7728151
10178,7728151
10179,28319062
10180,24311637
10188,7728151
10193,25376618
10215,11896595
10216,11896595
10217,11896595
10218,11896595
10219,11896595
10220,11896595
10222,11896595
10223,11896595
10224,11896595
10225,11896595
10226,11896595
10227,11896595
10228,11896595
10229,11896595
10230,11896595
10231,11896595
10232,11896595
10233,11896595
10234,11896595
10235,11896595
10236,11896595
10237,11896595
10238,11896595
10239,11896595
10240,11896595
10241,11896595
10242,11896595
10243,11896595
10244,11896595
10245,11896595
10246,11896595
10247,11896595
10248,11896595
10249,11896595
10250,11896595
10251,11896595
10252,11896595
10253,11896595
10254,11896595
10255,11896595
10256,11896595
10257,11896595
10258,11896595
10259,11896595
10260,11896595
10261,11896595
10264,11896595
10265,11896595
10266,11896595
10267,11896595
10268,11896595
10269,11896595
10270,11896595
10271,11896595
10272,11896595
10273,11896595
10278,29533785
10314,17431412
10325,35507888
10326,35050712
10327,35005993
10337,7524604
10338,7524604
10352,19381019
10353,19381019
10354,19381019
10355,19381019
10360,34651095
10361,34041811
10362,34464935
10367,32589730
10377,11055896
10378,11055896
10379,27148571
10380,11055896
10381,11055896
10382,11055896
10392,32105622
10393,8754806
10394,27135738
10400,8754806
10401,8754806
10402,8754806
10416,8754806
10419,29099503
10420,29099503
10483,35572973
10484,34583947
10493,15843401
10502,9462753
10504,12450792
10506,31375766
10507,31375766
10508,31375766
10513,26725515
10527,10519380
10528,10519380
10529,10519380
10530,10519380
10531,10519380
10532,10519380
10540,10519380
10541,10519380
10554,10519380
10555,10519380
10556,10519380
10557,10519380
10558,10519380
10559,10519380
10560,10519380
10561,10519380
10574,10519380
10575,10519380
10576,10519380
10577,10519380
10635,32457407
10636,34625502
10638,28512242
10717,32223937
10800,26919435
10801,26573325
10802,26573325
10804,26919435
10839,26992226
10840,29893456
10841,29286563
10886,32416072
10887,31104347
10895,35004270
10896,31375766
10897,32348852
10898,33002320
10913,32162810
10996,27102076
11011,23236167
11013,23236167
11015,27102076
11021,35245845
11026,34163176
11030,28963353
11031,28963353
11038,22286216
11039,23139211
11042,31375262
11043,31375262
11044,27273450
11064,24088382
11065,26829751
11085,28077790
11086,28077790
11089,28077790
11090,23060122
11093,28077790
11095,28077790
11099,36419889
11100,33403813
11107,33492746
11108,33492746
11109,34159682
11110,34159682
11111,24052547
11113,32600123
11114,32600123
11115,32600123
11121,32780660
11122,29352732
11123,31838015
11124,31838007
11125,31838007
11136,28882436
11137,28882436
11138,28882436
11139,28882436
11144,27478040
11145,27478040
11146,27478040
11147,27478040
11148,27478040
11149,26778290
11150,26778290
11158,19193436
11160,19193436
11165,30980040
11167,22686875
11168,28558987
11176,32187457
11201,34081848
11202,34081848
11203,32343890
11204,32343890
11205,32343890
11206,32343890
11207,32343890
11208,32343890
11209,32343890
11210,32343890
11212,32343890
11214,32343890
11216,34081848
11217,34081848
11218,28787259
11219,32955177
11220,29650362
11222,31838007
11227,34339292
11228,34647988
11229,22452895
11230,34358484
11233,34118197
11234,34118198
11238,32534646
11239,28958502
11240,31591063
11241,24263064
11243,27717299
11249,33480963
11275,31091374
11276,10895816
11277,11242790
11279,27020209
11280,32590884
11343,15101049
11344,12450792
11345,28548128
11346,34625502
11347,34625502
11348,34625502
11349,34625502
11350,34625502
11351,34625502
11353,34625502
11354,34625502
11355,34625502
11356,34625502
11357,34625502
11358,34625502
11359,34625502
11405,9738572
11406,7862627
11407,8187063
11423,26098867
11424,26516930
11428,34389065
11429,34389065
11430,34389065
11431,34389065
11432,24553141
11437,31375766
11438,34363682
11440,25965575
11441,24553141
11442,29949764
11443,35584336
11445,37287693
11447,30976811
11448,24562983
11449,23817572
11450,27402815
11451,27402815
11480,26428316
11508,37272516
11509,37272516
11515,34625502
11516,34625502
11517,27148571
11519,30510083
11526,31437301
11527,26919435
11528,33536079
11530,21835426
11531,28766250
11532,11438465
11533,26975036
11534,34986355
11535,22895266
11536,23737213
11537,37810439
11538,34381186
11539,15644781
11565,26501226
11566,26501226
11567,26501226
11568,26501226
11574,35085007
11575,35118995
11576,32519338
11577,32782782
11578,32782782
11581,29226988
11582,24824843
11583,24824843
11585,31949721
11587,26501226
11588,26501226
11589,27428733
11590,27428733
11591,20588178
11592,23035786
11593,19749740
11594,35151033
11595,22072439
11598,27959700
11599,27959700
11603,26690869
11604,31078563
11605,31078563
11606,26975036
11613,25207766
11615,25207766
11619,25207766
11621,25207766
11622,25207766
11650,32299759
11652,37611121
11653,35100714
11654,35100714
11665,35050752
11666,36753688
11667,33068284
11668,36315917
11669,36315917
11670,36409971
11671,35233056
11672,32758030
11673,36853016
11674,33637626
11676,35939768
11677,31765263
11678,35133871
11679,35138919
11681,35363510
11682,34381186
11683,19228722
11684,24436047
11685,24436047
11686,34958505
11687,34958505
11688,35939768
11689,35939768
11690,35939768
11691,35939768
11692,35085007
11696,35363510
11697,32022484
11698,32022484
11699,32022484
11701,34986355
11702,34986355
11703,29466156
11704,27259011
11705,32489127
11706,35815302
11708,37272516
11709,27466356
11717,1671560
11719,31434706
11723,32284345
11729,35441365
11731,37694347
11739,33515503
11744,33004339
11746,35034013
11747,32457407
11748,34237031
11751,37694347
11752,37694347
11753,37694347
11754,37694347
11755,37694347
11756,37694347
11757,37694347
11758,37694347
11759,37694347
11760,37694347
11761,37694347
11762,37694347
11763,37694347
11764,37694347
11765,37694347
11769,26810070
11770,32523649
11771,35732829
11772,7989935
11773,31595312
11774,23633565
11775,21046410
11776,31563982
11777,26810070
11778,31595312
11779,26810070
11780,31563982
11781,23633565
11782,22294382
11783,32364435
11784,27000436
11785,24374978
11789,37418832
11790,21046410
11791,16110030
11792,15289486
11793,6577285
11848,35395680
11849,35395680
11850,35395680
11851,35395680
11852,35395680
11853,35395680
11854,35395680
11855,35395680
11856,35395680
11857,35395680
11859,35395680
11860,35395680
11861,35395680
11862,35395680
11867,32284345
11873,9191060
11874,9191060
11875,37376747
11876,37376747
11877,37376747
11878,1391946
11879,1467524
11880,9746770
11881,9746770
11882,9180287
11884,23153540
11885,23045605
11886,28112737
11887,23407549
11888,30246434
11889,33480048
11890,25965575
12003,28833375
12004,31876361
12005,28817404
12009,29356724
12012,38598794
12013,37870536
12014,37870976
12015,37937763
12016,37978284
12017,21885404
12019,24986479
12020,37256976
12027,37053535
12028,37978284
12029,33449813
12030,30664630
12031,33298164
12034,37256976
12035,35673607
12037,27373164
12038,30602617
12042,38727700
12045,30206110
12046,17369142
12047,8952155
12048,20385793
12049,28643357
12050,32328562
12051,15483023
12053,35395680
12056,231047
12057,24441665
12058,28939748
12059,25231134
12060,24441665
12061,17721195
12062,16931951
12063,38587856
12071,35395680
12075,38126764
12077,31111274
12078,30876455
12079,30876455
12083,25765070
12087,3455828
12088,10194126
12089,1991160
12090,36050548
12091,11417477
12092,16646086
12093,29569294
12099,21447744
12120,32323889
12122,17334349
12123,16628187
12125,24661089
12127,24441146
12128,31648321
12129,38212634
12130,20385793
12131,38942080
12140,28183697
12142,27667683
12143,37666855
12153,23974201
12154,20630590
12155,28097792
12156,37879444
12157,37870969
12158,39293516
12161,37059834
12162,36375115
12169,30487223
12170,37058324
12171,26214592
12172,33951732
12173,34320176
12174,34448807
12176,36309560
12178,30171027
12199,27824051
12200,31784538
12218,36172171
12231,33951732
12237,30872366
12238,34211097
12239,33512459
12243,31921638
12244,33991782
12245,2499362
12246,39908431
12247,39908431
12248,27019113
12249,27776115
12250,27265895
12251,30643249
12252,33653800
12253,21487109
12254,32239695
12255,31738823
12256,22897847
12257,29099951
12258,19244107
12259,19117982
12260,11431691
12261,28112737
12262,26215111
12264,37870968
12287,27894077
12288,38304177
12289,17934255
12292,30421475
12293,9226156
12321,9242552
12322,30150206
12323,29427188
12325,30720533
12326,29758589
12327,19915490
12328,26352987
12332,27380723
12333,2170850
12334,2175343
12335,31383960
12336,34873305
12337,36169793
12360,29290255
12369,29472054
12370,35399574
12371,35399574
12372,38525318
12374,7780150
12375,8609706
12377,27114462
12378,21813447
12379,25145343
12380,36815378
12381,30282799
12382,29112016
12383,34472720
12389,19962671
12390,24316981
12391,31802000
12393,38302862
12394,32330662
12395,24030742
12396,34196168
12397,26859458
12399,36672407
12400,26815134
12401,32219447
12403,31064887
12405,39302072
12406,39302072
12408,22323599
12413,29227476
12414,38621200
12415,37019990
12416,16843106
12417,17950782
12418,21111450
12430,10828883
12431,28637688
12440,33692463
12442,33988307
12463,27262168
12464,29955787
12465,38687617
12466,27634205
12469,38603651
12473,28701730
12474,36050548
12475,38686611
12478,28183331
12479,38354330
12486,32940689
12487,32852708
12494,15659725
12495,16051734
12497,33579347
12498,31371343
12503,33579347
12505,34593528
12514,40069402
12516,24963049
12517,28248815
12518,33021523
12519,37245628
12520,38178749
12521,36895035
12522,39761483
12523,39250535
12526,28404889
12530,40293180
12533,40845250
12534,40845250
12535,40845250
12536,40845250
12537,40845250
12538,40845250
12539,40845250
12540,40845250
12542,38710951
12545,27418251
12546,34074656
12547,32973082
12555,38461159
12557,30914635
12558,31548347
12560,34247201
12561,39602630
12562,39874977
12563,40293180
12564,40293180
12568,28420319
12573,39836945
12574,31038663
12575,34247201
12578,30643254
12585,27418251
12586,35708671
12587,30082870
12588,30785829
12589,19737651
12590,30994538
12591,19318479
12594,30309915
12597,40287412
12598,37870969
12601,40961426
12602,40961426
12614,29658845
12623,40923280
12630,40923280
12631,40923280
12632,40923280
12633,40923280
12634,40923280
12652,37057124
12690,25517951
12691,40462401
12692,32327700
12693,25010205
12695,38335473
12699,41075874
12708,231047
12709,9191060
12711,29515777
12718,40923280
12724,30816954
12727,35452896
12731,23463663
12732,25669829
12735,31189996
12738,33012788
12740,38043789
12749,27499898
12750,26457357
12752,31243110
12753,28731043
12754,36803776
12755,31287169
12760,32271377
12761,40169546
12762,40169546
12763,41100773
12764,41100773
12765,41100773
12766,41100773
12767,41100773
12769,40057687
12779,30459475
12798,39255777
12799,36240972
12800,18073307
12801,28408464
12802,27176795
12803,35022522
12805,17108110
12807,41104928
12808,41104928
12809,32266142
12810,25207766
12816,36469101
12822,33355200
12823,36681091
12825,31383960
12826,33382123
12827,37422156
12828,31094928
12829,30219084
12830,11826187
12838,39702796
12850,36806911
12851,38422883
12852,18094413
12853,39845329
12855,17724745
12867,30643249
12868,30630978
12869,19020546
12870,32087612
12871,33949344
12875,32668764
12876,24052547
12918,40691143
12919,34980131
12926,20815032
12927,38782103
12929,21725291
12931,36190002
12946,38074875
