source_molecular_profile_id,target_evidence_id
64,1
99,2
32,4
64,5
64,6
64,7
76,8
94,10
32,11
82,12
83,13
94,14
99,15
99,16
10,17
32,18
64,19
64,20
93,21
95,22
96,23
32,24
32,25
65,26
208,27
17,30
32,31
8,32
8,33
72,34
77,35
94,36
8,37
8,38
9,39
10,40
10,41
72,42
98,43
99,44
100,45
101,46
102,47
9,48
32,49
32,50
32,51
55,52
66,53
208,56
92,57
66,58
32,61
32,62
32,63
32,64
32,65
32,66
32,67
32,68
55,69
69,70
208,71
4170,73
1598,74
112,75
113,76
113,77
113,78
12,79
12,80
12,82
103,83
12,86
75,87
17,88
12,89
5379,90
79,91
4173,92
17,93
11,94
12,95
12,96
12,97
12,98
12,99
12,102
12,103
12,104
12,105
12,106
12,107
3007,108
87,109
32,110
86,111
32,112
32,113
32,114
32,115
86,116
86,117
86,118
86,119
86,120
29,122
106,123
94,124
8,125
12,126
55,127
55,128
55,129
55,130
55,131
77,134
77,135
421,136
86,137
105,138
129,139
4230,141
8,142
9,143
53,144
81,145
86,146
86,147
86,148
86,149
86,150
86,151
87,152
87,153
124,154
125,155
515,156
32,157
55,158
55,159
58,160
129,162
129,163
130,165
29,166
29,167
29,168
28,169
32,170
56,171
85,172
86,173
86,174
86,175
86,176
86,177
86,179
86,180
86,181
86,182
86,183
86,184
86,185
32,186
32,187
189,188
32,189
55,190
55,191
55,192
55,193
77,194
55,195
86,196
55,198
86,199
129,201
129,202
129,203
129,204
129,205
129,206
130,210
131,211
132,212
1,213
56,214
76,215
22,219
1,220
20,221
55,222
58,223
59,224
66,225
78,227
79,228
33,229
4,231
1,232
4431,233
4373,234
4373,235
4225,236
4230,237
34,238
34,239
34,240
39,241
46,242
47,243
48,244
49,245
50,246
4616,247
56,248
73,249
75,250
148,251
107,258
1,259
1,260
1,261
5,262
23,263
25,264
141,266
142,267
144,268
143,269
140,270
139,271
145,272
133,273
134,274
33,275
33,276
34,277
34,278
35,279
36,280
37,281
38,282
39,283
40,284
4464,285
42,286
43,287
44,288
45,289
46,290
47,291
48,292
49,293
50,294
52,295
54,296
55,297
55,298
55,299
57,301
67,302
72,303
73,304
79,305
81,306
85,307
85,308
85,309
103,310
103,311
107,314
108,316
110,317
116,319
124,320
56,322
58,323
59,324
62,327
566,328
62,329
62,330
63,331
63,332
66,333
66,334
76,336
76,337
127,338
127,339
128,340
19,342
110,343
1,344
33,347
58,348
58,349
62,350
215,352
18,354
19,355
20,356
20,357
20,358
21,359
21,360
21,361
21,362
24,363
24,365
27,367
27,368
34,369
34,370
55,371
55,372
56,373
58,374
63,375
66,376
76,377
76,378
135,380
136,381
138,382
137,383
106,384
104,387
107,388
116,389
117,390
117,391
118,392
222,393
121,395
121,396
122,397
122,398
119,399
127,400
128,401
30,403
31,405
151,407
153,408
154,409
155,411
156,412
133,413
156,414
157,415
158,416
157,417
160,418
157,419
161,420
157,421
160,422
152,423
163,425
157,426
157,427
159,428
155,429
155,430
164,431
165,432
165,433
167,435
168,436
169,439
4172,440
4237,441
4230,442
4309,443
4308,444
174,445
174,446
175,447
176,448
177,449
177,450
177,451
178,452
178,453
179,454
178,455
180,456
181,457
182,458
183,459
183,460
183,461
184,462
12,463
185,464
186,465
187,466
29,467
29,468
189,469
190,470
190,471
191,472
190,473
193,474
4668,475
195,476
2277,477
687,478
198,479
58,480
58,481
199,482
199,483
200,484
201,485
202,486
76,487
80,488
203,489
85,490
85,491
204,492
205,493
206,494
207,495
208,496
94,497
209,498
161,499
210,500
210,501
210,502
210,503
212,504
213,505
214,506
214,507
155,508
155,509
215,510
216,511
217,512
218,513
219,514
220,515
220,516
221,517
222,518
222,519
222,520
222,521
222,522
222,523
222,524
223,525
223,526
224,527
302,528
302,529
227,531
31,532
77,622
232,623
200,624
200,625
200,626
199,627
199,628
200,629
234,630
235,631
236,632
234,633
236,635
235,636
4376,637
4376,638
4373,639
222,640
238,641
34,642
214,644
214,645
34,646
239,647
240,648
241,649
132,650
99,651
243,652
66,654
244,655
12,656
220,657
220,658
245,659
246,660
247,661
248,662
250,664
251,665
252,666
235,667
253,668
254,669
255,670
256,671
257,672
257,673
258,674
259,675
260,676
260,677
261,678
262,679
263,680
264,681
263,682
263,683
263,684
263,685
263,686
263,687
2562,688
266,689
267,690
190,691
193,692
193,693
268,694
268,695
268,696
268,697
269,698
270,699
271,700
272,701
272,702
272,703
272,704
273,705
274,706
4,707
214,708
4,709
104,710
214,711
273,712
279,713
214,714
275,715
214,716
449,717
277,718
216,719
278,720
280,722
281,723
281,724
282,725
282,726
283,727
284,728
285,729
286,730
287,731
59,732
266,733
288,734
266,735
320,736
193,737
99,738
290,739
593,740
292,741
293,742
272,743
294,744
295,745
296,746
296,747
297,748
298,749
299,750
300,751
301,752
268,753
31,754
295,755
212,756
12,757
268,758
268,759
302,760
302,761
34,762
4255,763
4312,764
4312,765
4172,766
4172,767
306,770
307,771
308,772
4245,773
309,774
309,775
310,776
310,777
310,778
310,779
311,780
311,781
193,782
193,783
193,784
312,785
313,786
134,787
311,788
314,789
316,791
317,792
264,793
318,794
421,795
319,796
320,797
264,798
264,799
264,800
264,801
321,803
268,804
322,805
81,806
323,807
324,808
325,809
325,810
326,811
326,812
310,813
327,814
328,815
12,816
329,817
330,818
331,819
332,820
333,821
334,822
335,823
336,824
337,825
338,826
339,827
339,828
340,829
341,830
342,831
343,832
344,835
266,836
345,837
345,838
346,839
347,840
4225,841
4225,842
4253,843
4253,844
131,845
311,846
308,848
193,849
222,850
222,851
351,852
352,853
190,854
353,855
20,856
354,857
18,858
355,859
356,860
310,861
357,862
358,863
214,864
357,865
359,866
360,867
361,868
361,869
362,870
181,871
250,872
363,873
364,874
365,875
366,876
179,878
33,879
133,880
133,881
133,882
33,883
133,884
33,885
302,886
302,887
367,888
368,889
266,890
369,891
307,892
214,893
332,894
302,895
264,896
370,897
371,898
372,899
372,900
373,901
374,902
375,903
376,904
377,905
365,906
378,907
378,908
379,909
380,910
190,911
380,912
381,913
382,914
307,915
75,916
75,917
383,918
384,919
385,920
385,921
343,922
386,923
387,924
388,925
389,926
373,927
390,928
343,929
391,930
392,931
383,932
393,933
394,934
332,935
395,936
79,937
214,938
396,939
397,940
398,941
399,942
332,943
2784,944
495,945
331,946
332,947
190,948
401,949
402,950
403,951
404,952
405,953
193,954
309,955
406,956
407,957
408,958
409,959
410,960
302,961
302,962
34,963
411,964
34,965
34,966
34,967
33,968
133,969
264,970
308,971
412,972
412,973
413,974
272,975
220,976
190,977
2861,978
416,979
417,980
133,981
33,982
133,983
418,984
419,985
420,986
421,987
332,988
332,989
77,990
332,991
332,992
75,993
12,994
422,995
208,996
332,997
332,998
332,999
17,1000
332,1001
423,1002
332,1003
332,1004
12,1005
302,1006
302,1007
302,1008
302,1009
302,1011
302,1012
302,1013
207,1014
163,1015
424,1016
308,1017
222,1018
415,1019
311,1020
314,1021
302,1022
302,1023
425,1024
425,1025
427,1027
222,1028
2675,1029
2562,1030
429,1031
430,1032
431,1033
430,1034
432,1035
433,1036
433,1037
433,1038
433,1039
55,1040
302,1041
302,1042
409,1043
302,1044
410,1045
410,1047
4464,1048
302,1050
434,1051
435,1052
436,1053
437,1054
314,1055
439,1057
439,1058
440,1059
441,1060
442,1061
443,1062
444,1063
445,1064
444,1065
445,1066
445,1067
444,1068
444,1069
444,1070
444,1071
444,1072
445,1073
446,1074
447,1075
259,1076
302,1077
449,1078
449,1079
449,1080
450,1081
451,1082
451,1083
452,1084
453,1085
454,1086
453,1087
452,1088
456,1089
108,1090
108,1091
457,1092
5239,1093
5240,1094
4366,1095
302,1096
302,1097
302,1098
295,1099
5075,1100
5075,1101
86,1102
28,1103
4477,1104
263,1105
463,1106
464,1107
465,1108
55,1109
466,1110
467,1111
55,1112
302,1113
468,1114
469,1115
468,1116
470,1117
471,1118
472,1119
472,1120
5,1121
302,1122
473,1123
473,1124
410,1125
12,1127
308,1128
309,1129
475,1131
302,1132
302,1133
477,1135
478,1136
55,1137
479,1138
332,1139
332,1140
12,1141
78,1142
421,1143
481,1144
222,1145
4407,1146
221,1147
221,1148
365,1149
482,1150
482,1151
285,1152
285,1153
268,1155
483,1156
484,1157
483,1158
302,1159
302,1160
542,1161
486,1162
486,1163
487,1164
488,1165
489,1166
272,1167
490,1168
491,1169
221,1170
104,1171
272,1172
78,1173
45,1174
495,1175
39,1176
44,1177
492,1178
493,1179
81,1180
81,1181
332,1182
332,1183
494,1184
320,1185
320,1186
495,1187
5,1188
496,1189
497,1190
498,1191
499,1192
499,1193
499,1194
499,1195
496,1196
499,1197
495,1198
495,1199
495,1200
495,1201
495,1202
5,1203
496,1204
499,1205
5,1206
5,1207
75,1208
500,1209
501,1210
502,1211
554,1212
503,1213
504,1214
79,1215
78,1216
78,1217
332,1218
75,1219
332,1220
505,1221
384,1222
505,1223
66,1224
208,1225
94,1226
208,1227
502,1228
501,1229
208,1230
213,1231
506,1232
503,1233
183,1234
2088,1235
507,1236
508,1237
189,1238
509,1239
495,1240
509,1241
495,1243
510,1244
499,1245
511,1246
263,1247
5220,1248
5075,1249
5075,1250
5066,1251
5073,1252
5073,1253
5075,1254
5075,1255
5125,1256
5073,1257
5073,1258
5111,1259
5111,1260
516,1261
517,1262
516,1263
495,1264
516,1265
497,1266
518,1267
9,1269
9,1270
8,1271
495,1272
495,1273
272,1274
272,1275
520,1276
520,1277
521,1278
495,1279
522,1280
522,1281
495,1282
523,1283
523,1284
523,1285
4351,1286
523,1287
4351,1288
4351,1289
4351,1290
4351,1291
179,1292
525,1293
525,1294
56,1295
307,1296
214,1297
526,1298
79,1300
2562,1301
5146,1302
527,1303
527,1304
528,1305
529,1306
530,1307
132,1308
101,1309
531,1310
79,1311
533,1313
268,1314
534,1315
535,1316
536,1317
537,1318
538,1319
539,1320
540,1321
541,1322
543,1324
544,1325
75,1326
8,1327
294,1328
8,1329
545,1330
9,1331
5,1332
545,1333
495,1334
495,1335
546,1336
4221,1337
4221,1338
4221,1339
499,1340
4230,1341
4311,1342
4309,1343
523,1344
4237,1345
4225,1346
4308,1347
4308,1348
4308,1349
4237,1350
4237,1351
4237,1352
4311,1353
4311,1354
4311,1355
509,1356
4236,1357
307,1358
506,1359
307,1360
107,1361
107,1362
107,1363
307,1364
113,1365
549,1366
523,1367
523,1368
86,1369
185,1370
186,1371
550,1372
550,1373
551,1374
550,1375
552,1376
550,1377
177,1378
553,1379
302,1380
302,1381
302,1382
214,1383
307,1384
214,1385
214,1386
555,1387
556,1388
556,1389
4373,1390
34,1391
266,1392
302,1393
558,1394
558,1395
5513,1396
4659,1397
12,1398
559,1399
559,1400
107,1401
307,1402
212,1403
395,1404
12,1405
12,1406
17,1407
12,1408
12,1409
12,1410
17,1411
560,1412
12,1413
12,1414
17,1415
283,1416
561,1417
114,1418
495,1419
562,1420
12,1421
17,1422
201,1423
505,1424
563,1425
564,1426
565,1427
12,1428
208,1429
12,1430
302,1432
563,1433
564,1434
565,1435
567,1436
302,1437
4368,1438
302,1439
569,1440
570,1441
2562,1443
572,1444
570,1445
5074,1446
107,1447
302,1448
574,1449
222,1450
222,1451
222,1452
104,1453
575,1454
214,1455
576,1456
577,1457
284,1458
578,1459
578,1460
579,1461
580,1462
581,1463
212,1464
107,1465
582,1466
506,1467
583,1468
583,1469
583,1470
583,1471
208,1472
94,1473
423,1474
423,1475
208,1476
296,1477
222,1478
206,1479
215,1480
222,1481
555,1482
4332,1483
4357,1484
222,1485
206,1486
215,1487
586,1488
420,1489
307,1490
506,1491
214,1492
214,1493
165,1494
18,1495
587,1496
588,1497
564,1498
302,1499
214,1500
307,1501
214,1502
307,1503
307,1504
107,1505
107,1506
222,1507
177,1508
208,1509
199,1511
590,1512
177,1513
591,1514
55,1515
592,1516
272,1517
593,1518
108,1519
595,1520
596,1521
506,1522
131,1523
132,1524
597,1525
598,1526
598,1527
599,1528
185,1529
186,1530
185,1531
186,1532
600,1533
601,1534
602,1535
20,1536
600,1537
206,1538
178,1539
215,1540
603,1541
62,1542
466,1543
605,1544
605,1545
606,1547
606,1548
103,1549
104,1550
607,1551
12,1552
607,1553
607,1554
55,1555
608,1556
609,1557
155,1558
18,1560
302,1561
18,1562
20,1563
179,1564
266,1565
266,1566
610,1567
611,1568
612,1569
613,1570
614,1571
350,1572
17,1574
17,1575
17,1576
495,1577
272,1578
12,1579
79,1580
617,1581
617,1583
617,1584
189,1585
189,1586
189,1587
266,1588
12,1589
619,1590
12,1591
34,1592
620,1593
620,1594
602,1595
332,1596
621,1597
17,1598
18,1599
307,1600
622,1601
623,1602
624,1603
263,1604
625,1605
626,1606
307,1607
627,1608
628,1609
307,1610
214,1611
629,1612
302,1613
214,1614
272,1615
307,1616
630,1617
481,1618
481,1619
481,1620
631,1621
269,1622
107,1623
309,1624
107,1625
103,1626
632,1627
633,1628
187,1629
634,1630
277,1631
633,1632
635,1633
636,1634
637,1635
638,1636
639,1637
640,1638
641,1639
566,1640
420,1641
332,1642
31,1643
642,1644
643,1645
244,1646
644,1647
644,1648
555,1649
181,1650
320,1651
645,1652
158,1653
646,1654
647,1655
648,1656
648,1657
649,1658
418,1659
650,1660
651,1661
652,1662
653,1663
614,1664
33,1665
133,1666
34,1667
654,1668
654,1669
104,1670
160,1672
431,1673
656,1674
185,1675
186,1676
185,1677
186,1678
657,1679
658,1680
659,1681
660,1682
661,1683
185,1684
186,1685
302,1686
302,1687
302,1688
302,1689
5221,1690
495,1691
266,1692
302,1693
662,1694
663,1695
664,1696
665,1697
12,1698
12,1699
332,1700
438,1701
332,1702
208,1703
395,1704
307,1705
666,1706
667,1707
350,1708
350,1709
668,1710
669,1711
670,1712
266,1713
266,1714
421,1715
671,1716
640,1717
672,1724
65,1725
65,1726
673,1727
438,1728
674,1729
674,1730
674,1731
79,1732
272,1733
24,1734
187,1735
134,1736
481,1737
675,1738
676,1739
677,1740
213,1741
678,1742
679,1743
680,1744
681,1745
682,1746
683,1747
684,1748
12,1749
17,1750
686,1751
687,1752
687,1753
687,1754
254,1756
254,1757
689,1758
690,1759
753,1760
692,1761
692,1762
693,1763
302,1764
550,1765
694,1766
263,1767
695,1768
696,1769
168,1770
697,1771
185,1772
186,1773
570,1774
185,1775
186,1776
570,1777
698,1778
5074,1779
699,1780
5152,1781
701,1782
495,1783
702,1784
703,1785
704,1786
705,1787
706,1788
708,1790
709,1791
710,1792
711,1793
712,1794
713,1795
714,1796
716,1798
717,1799
718,1800
719,1801
720,1802
721,1803
722,1804
723,1805
724,1806
725,1807
726,1808
707,1809
727,1810
728,1811
729,1812
730,1813
731,1814
732,1815
733,1816
734,1817
735,1818
737,1820
738,1821
739,1822
740,1823
741,1824
742,1825
743,1826
744,1827
745,1828
746,1829
747,1830
748,1831
749,1832
750,1833
751,1834
752,1835
753,1836
754,1837
755,1838
756,1839
757,1840
758,1841
759,1842
760,1843
761,1844
762,1845
763,1846
764,1847
765,1848
766,1850
763,1851
768,1852
764,1853
769,1854
770,1856
771,1857
772,1858
773,1859
774,1860
775,1861
775,1862
34,1863
776,1864
776,1865
777,1866
34,1867
778,1868
779,1869
779,1870
780,1871
781,1872
782,1873
5161,1874
784,1875
785,1876
786,1877
787,1878
550,1879
551,1880
550,1881
788,1882
792,1887
410,1888
794,1889
4464,1890
302,1891
4464,1892
410,1893
796,1894
797,1895
798,1896
185,1897
79,1898
799,1899
800,1900
801,1901
12,1902
5492,1905
5491,1906
178,1907
263,1908
263,1909
805,1910
263,1911
507,1912
4685,1913
807,1914
763,1917
2078,1918
808,1919
763,1920
695,1921
1275,1922
1275,1923
131,1924
132,1925
812,1930
506,1931
812,1934
812,1935
813,1936
438,1937
12,1940
817,1942
818,1943
819,1944
820,1945
821,1946
822,1947
823,1948
824,1949
825,1950
826,1951
502,1952
501,1953
583,1958
178,1960
528,1963
5696,1971
834,1972
836,1974
837,1975
838,1976
839,1977
5696,1979
841,1980
842,1981
350,1984
844,1985
845,1986
846,1987
847,1988
848,1989
625,1990
263,1991
849,1992
302,1993
850,1994
851,1995
851,1996
851,1997
905,1999
421,2001
852,2002
77,2004
148,2008
148,2009
148,2012
148,2013
148,2014
58,2020
103,2022
307,2025
103,2026
104,2034
214,2035
104,2036
104,2037
2463,2038
104,2040
81,2041
3091,2042
214,2043
214,2045
438,2053
103,2058
104,2062
302,2071
214,2074
905,2078
1208,2085
307,2087
1125,2089
107,2096
107,2097
307,2098
107,2100
107,2102
107,2103
307,2105
104,2106
12,2115
12,2116
12,2117
12,2118
12,2121
12,2135
12,2137
438,2148
438,2153
4432,2156
34,2157
34,2158
34,2159
34,2160
34,2161
34,2162
34,2163
34,2164
34,2165
4664,2167
4664,2168
4664,2169
4664,2170
81,2178
95,2181
81,2183
96,2184
395,2187
423,2189
423,2192
79,2193
859,2198
607,2201
870,2204
880,2206
79,2207
318,2209
208,2210
78,2212
855,2213
104,2217
79,2218
421,2219
875,2221
178,2222
877,2223
2918,2224
879,2225
77,2231
421,2232
79,2236
79,2240
332,2242
79,2250
79,2251
79,2252
78,2253
78,2257
78,2261
78,2262
78,2263
526,2264
421,2268
887,2269
887,2273
887,2277
887,2278
887,2279
892,2286
121,2292
896,2306
116,2310
59,2327
59,2329
59,2331
59,2332
905,2346
307,2355
75,2361
12,2362
332,2385
2493,2417
2494,2441
961,2445
1237,2448
65,2451
915,2454
917,2460
99,2463
2495,2465
505,2466
946,2469
66,2471
952,2472
915,2474
2512,2475
505,2477
99,2478
425,2480
935,2481
920,2484
2496,2486
3143,2487
12,2503
559,2505
559,2506
973,2508
2050,2512
976,2513
133,2519
438,2559
33,2621
33,2624
976,2625
33,2626
33,2627
33,2628
33,2629
33,2631
33,2632
33,2634
4662,2636
4662,2638
4662,2640
4714,2641
4714,2642
4714,2644
4555,2645
4555,2646
4555,2647
4555,2648
4555,2649
4719,2650
4719,2651
4719,2653
4550,2654
5115,2655
4673,2656
5115,2657
5115,2658
4431,2659
4431,2660
4431,2661
4431,2662
4553,2663
4678,2664
4553,2666
4373,2667
4373,2668
4373,2669
4373,2670
4373,2671
4376,2674
4376,2675
4376,2676
4376,2677
4902,2679
4376,2680
2784,2681
4556,2682
4556,2683
4556,2684
4556,2685
4556,2686
4683,2687
4683,2688
4683,2689
1280,2697
1042,2745
1281,2771
238,2783
222,2784
1280,2799
1082,2818
1083,2819
222,2820
4721,2829
2919,2830
2920,2831
1129,2832
1132,2835
1134,2837
1136,2839
1137,2840
1138,2841
1140,2843
1142,2845
1143,2846
1146,2849
4673,2850
4673,2851
4745,2853
4680,2854
4885,2861
4730,2862
4886,2863
4872,2864
1208,2866
1209,2867
186,2868
1220,2878
1221,2879
1222,2880
1223,2881
1224,2882
1225,2883
1226,2884
960,2886
960,2888
952,2889
851,2892
851,2893
851,2895
851,2896
851,2897
851,2898
1229,2899
1229,2901
1229,2902
1229,2903
1229,2904
1231,2905
558,2906
423,2907
1234,2913
264,2915
1237,2918
963,2919
1238,2920
1239,2921
1240,2922
957,2923
1241,2924
189,2926
178,2927
1243,2929
208,2931
641,2933
1245,2934
1246,2935
1246,2936
208,2937
438,2939
1247,2940
1248,2941
880,2943
415,2948
1251,2949
778,2950
2562,2951
495,2952
415,2953
1252,2955
5752,2958
1255,2959
1252,2960
5244,2961
365,2963
365,2964
365,2965
221,2966
221,2967
221,2968
1258,2972
1259,2973
1260,2974
1261,2975
1260,2976
1267,2982
1267,2983
104,2984
104,2985
1268,2986
1269,2987
1270,2988
1273,2991
1274,2993
33,2994
133,2995
133,2996
33,2997
332,2998
222,2999
272,3000
1277,3003
39,3004
1278,3005
1279,3006
1276,3007
1276,3008
1276,3009
1276,3010
1276,3012
1280,3013
1281,3014
190,3015
438,3016
12,3017
263,3027
942,3028
942,3029
1276,3034
617,3038
4,3039
307,3040
117,3042
1261,3043
1259,3044
1293,3045
2281,3046
5319,3047
502,3049
867,3690
852,3693
332,3704
148,3710
332,3713
332,3715
104,3722
857,3724
105,3729
307,3732
107,3733
12,3739
12,3750
12,3755
12,3757
12,3758
12,3777
12,3787
4432,3791
438,3792
438,3794
994,3802
34,3810
33,3811
4664,3815
4664,3816
4664,3817
4664,3819
4664,3820
4664,3822
421,3824
12,3827
903,3832
107,3841
870,3842
871,3845
914,3847
270,3851
270,3852
880,3858
881,3861
881,3862
438,3864
882,3867
883,3870
884,3872
81,3878
81,3881
81,3882
81,3889
332,3895
203,3917
421,3924
2848,3939
79,3946
5806,3957
79,3958
78,3967
78,3973
526,3987
526,3989
526,3991
887,4006
887,4012
1276,4022
4,4029
4225,4046
904,4047
3126,4051
75,4052
915,4056
99,4060
1458,4061
923,4062
66,4072
945,4077
935,4082
935,4084
935,4087
938,4095
1466,4100
505,4104
2519,4121
945,4122
1405,4125
945,4127
72,4136
505,4139
72,4141
951,4142
2520,4144
952,4147
1237,4167
5809,4169
559,4180
559,4181
968,4186
969,4187
970,4188
699,4189
134,4190
975,4197
976,4198
438,4201
977,4209
1328,4210
1767,4220
1768,4226
1770,4231
1771,4239
1772,4244
1773,4248
1365,4252
1775,4256
1371,4260
1374,4264
33,4265
986,4266
558,4273
558,4274
1353,4275
1354,4276
991,4279
992,4280
33,4284
33,4285
33,4286
33,4287
33,4288
33,4290
33,4291
33,4292
33,4293
33,4294
33,4295
1742,4298
994,4299
1390,4301
4662,4302
4662,4304
4662,4305
4662,4307
4662,4308
4714,4310
4714,4311
4555,4313
4555,4314
4555,4316
4555,4318
4555,4320
4555,4321
4719,4323
4719,4324
4719,4327
4550,4329
4550,4330
4550,4331
4550,4332
4550,4334
4550,4335
4550,4336
5115,4340
5115,4345
4431,4347
4431,4348
4431,4350
4431,4352
4431,4353
4431,4355
4553,4357
4553,4359
4553,4360
4373,4362
4373,4364
4373,4365
4373,4368
4373,4369
4373,4371
4373,4373
4373,4376
4376,4381
4376,4382
4380,4386
4376,4390
4376,4391
4556,4394
4556,4396
4556,4397
4556,4398
4556,4399
4678,4400
4678,4402
4678,4403
4678,4404
4887,4406
4887,4407
4683,4410
4683,4411
4683,4413
4683,4417
103,4424
148,4429
1125,4432
4877,4434
1,4436
4721,4438
4721,4440
4673,4441
4673,4442
4673,4443
4673,4444
4673,4447
4673,4448
1405,4455
942,4459
1407,4463
1408,4464
1152,4467
1155,4468
607,4472
1414,4475
4374,4477
4374,4478
4680,4480
4680,4481
4680,4482
4680,4483
4832,4486
1418,4487
11,4488
11,4489
1421,4493
1422,4494
1161,4495
1162,4496
1423,4497
169,4498
308,4500
1241,4510
39,4519
1201,4521
4885,4525
4885,4527
4675,4529
4675,4530
4675,4531
4675,4532
4675,4533
4889,4534
4381,4535
4730,4537
4730,4538
4730,4540
4730,4541
4743,4543
4901,4545
4835,4546
4897,4549
4884,4551
4886,4552
4873,4554
4727,4559
4872,4561
4828,4563
4830,4565
4829,4567
4899,4568
4721,4571
922,4583
960,4589
1457,4594
1237,4595
99,4597
66,4599
2519,4605
4312,4620
1463,4623
505,4628
66,4629
5805,4630
1467,4631
1474,4643
707,4650
1478,4653
1478,4654
1479,4655
1480,4656
1481,4657
1482,4658
1483,4659
1487,4665
1488,4667
1385,4669
4725,4692
5238,4702
1517,4704
1,4706
4723,4710
4834,4711
4431,4718
1535,4729
1739,4755
4432,4759
1739,4762
133,4766
1547,4768
4898,4769
1555,4776
1556,4777
5702,4783
1561,4784
1562,4785
320,4786
1564,4787
1565,4788
1567,4791
1572,4799
1573,4800
2090,4801
1575,4802
1576,4803
47,4814
1589,4825
1590,4826
160,4832
566,4833
495,4835
131,4838
132,4839
849,4840
549,4841
332,4842
272,4844
1937,4845
1594,4846
1595,4847
1595,4848
1595,4849
1595,4850
272,4855
272,4856
272,4857
495,4858
133,4859
33,4860
5232,4861
332,4862
332,4863
332,4864
332,4866
332,4867
332,4868
332,4869
624,4871
25,4872
1601,4874
132,4875
131,4876
350,4877
118,4879
116,4880
121,4881
122,4882
853,4883
896,4884
1040,4885
1603,4886
1066,4887
1604,4888
1605,4889
1606,4890
1607,4891
1609,4895
1610,4896
1612,4898
579,4905
1617,4906
1618,4907
1619,4908
1620,4909
1621,4910
1622,4911
1623,4912
1615,4913
1624,4914
3053,4916
1663,4917
1628,4918
1964,4919
1630,4920
1631,4921
1632,4922
1633,4923
1634,4924
1635,4925
1636,4926
1637,4927
1638,4928
1639,4929
1640,4930
1641,4931
1642,4932
1643,4933
1644,4934
1645,4935
1646,4936
1647,4937
1614,4938
1648,4939
1649,4940
1650,4941
1651,4942
1652,4943
1653,4944
1654,4945
1655,4946
1656,4947
39,4955
1661,4956
1663,4958
1664,4959
2008,4961
1630,4962
1667,4963
1668,4964
1669,4965
1617,4967
1673,4970
1674,4971
1676,4973
1677,4974
1678,4975
1658,4976
1679,4977
1682,4982
1624,4983
1683,4984
1686,4987
332,4996
332,4997
1663,4998
1702,5013
1706,5017
1707,5018
1708,5019
1631,5020
1696,5022
1701,5024
1663,5026
1631,5027
1702,5029
1687,5033
1663,5034
1710,5035
1711,5037
1714,5040
1715,5041
1716,5042
1672,5043
1643,5044
1717,5045
2453,5046
1719,5047
1720,5048
1680,5049
1649,5050
1721,5051
1623,5052
1722,5053
1723,5054
1652,5055
1685,5056
1653,5057
1724,5058
1725,5059
1622,5061
1615,5062
1726,5064
1728,5066
1729,5067
501,5068
566,5069
1259,5070
1260,5071
1261,5072
1734,5080
1702,5092
1743,5094
1721,5096
1686,5097
1745,5098
1990,5099
1735,5100
1747,5101
1614,5103
1664,5104
1749,5105
1622,5125
1676,5128
1630,5130
2001,5131
1732,5133
1686,5134
1628,5135
1670,5137
1671,5138
1673,5139
1761,5140
1747,5141
1674,5143
1762,5144
1678,5145
1679,5146
1763,5147
1764,5148
1624,5149
1669,5150
1765,5151
1677,5152
1769,5153
1658,5154
1805,5155
1725,5156
1636,5157
1778,5158
1664,5159
1779,5160
1663,5161
1780,5162
1692,5163
1782,5165
1656,5166
1783,5167
1637,5168
1784,5169
1685,5170
1785,5171
1811,5172
1788,5174
1648,5175
1789,5176
1672,5177
1790,5178
1622,5179
1792,5183
1623,5184
1794,5188
1649,5189
1795,5191
1797,5193
1799,5196
1763,5197
1624,5198
1684,5199
1800,5200
1677,5202
1964,5203
1804,5205
1663,5212
179,5215
1809,5217
1824,5245
1980,5246
1825,5247
1759,5248
818,5249
1631,5250
1672,5260
515,5261
1622,5262
1680,5263
1615,5264
1623,5265
1829,5266
1650,5267
1831,5269
1628,5270
1724,5271
1610,5272
1832,5273
1833,5274
1834,5275
1674,5276
1836,5279
1748,5280
1614,5281
1728,5282
1765,5283
1677,5284
1838,5285
1778,5286
1664,5287
1839,5288
1750,5289
1840,5290
1715,5293
1621,5294
1643,5295
1842,5296
1843,5297
1822,5298
1844,5299
1845,5300
1846,5301
1701,5302
1811,5303
1733,5305
160,5323
1663,5328
1703,5331
1990,5332
1862,5334
1863,5335
1864,5336
662,5338
183,5339
1964,5340
1630,5341
1866,5343
208,5344
332,5345
99,5346
915,5347
945,5348
1648,5349
5317,5350
1868,5351
1672,5352
1791,5353
1615,5354
1650,5355
1951,5356
1850,5357
1870,5358
1721,5359
1686,5360
1710,5361
1797,5363
2965,5364
1872,5365
1873,5366
1669,5368
1713,5369
1660,5370
1750,5371
1617,5372
1874,5373
1875,5374
1680,5375
1631,5376
1876,5377
1672,5379
1877,5380
1615,5381
1623,5382
1700,5383
1964,5386
1883,5399
1622,5400
1731,5401
1615,5402
1721,5403
1686,5404
1670,5405
1884,5406
1735,5407
1885,5408
1712,5409
1886,5410
1619,5411
1690,5412
1887,5413
1888,5414
1750,5415
1889,5416
1822,5417
1617,5418
1890,5420
1687,5422
1875,5424
1964,5426
1750,5427
1633,5428
1691,5430
1896,5431
1796,5432
1670,5433
1897,5434
1674,5435
1619,5436
1689,5437
1845,5440
1853,5441
1899,5442
1900,5443
1732,5444
1710,5445
1875,5446
1964,5447
1668,5448
1669,5449
1796,5450
1617,5451
1902,5452
1903,5453
1619,5454
1689,5455
1904,5456
1829,5457
1870,5458
1905,5459
1906,5460
1658,5461
1954,5462
1822,5463
1679,5464
1795,5465
1622,5466
1909,5467
1623,5468
1615,5469
1624,5470
1660,5471
1686,5472
1886,5473
1617,5474
1741,5475
1733,5476
1674,5477
2935,5478
2381,5479
1690,5480
1622,5481
1911,5482
1680,5483
1623,5484
1615,5485
1912,5486
1615,5487
1913,5489
1631,5491
1700,5493
1915,5495
1916,5496
1640,5498
1664,5499
1917,5500
1918,5501
1277,5505
1231,5506
272,5507
1231,5508
1839,5510
1856,5511
1919,5512
1920,5513
1921,5514
1833,5515
1922,5516
1231,5530
1926,5533
1927,5534
1928,5535
3166,5538
1677,5543
1931,5544
1623,5545
1615,5546
1839,5547
1839,5548
1932,5549
1670,5550
1933,5553
1934,5554
1670,5561
1942,5576
1943,5577
1689,5578
1664,5582
1724,5583
1663,5592
1231,5599
1951,5610
1965,5637
1966,5638
1967,5639
1968,5640
1964,5641
1866,5642
1783,5643
1659,5646
1973,5649
1964,5650
1974,5651
1975,5653
1964,5654
1977,5660
1984,5675
1984,5676
798,5679
1964,5682
1990,5689
1686,5691
1663,5693
1747,5720
2003,5722
1954,5724
2005,5725
1965,5726
2006,5727
2007,5728
2008,5729
2009,5730
2010,5731
2011,5732
2012,5733
1967,5734
2013,5735
2014,5736
2015,5737
2016,5738
2017,5739
2018,5740
2019,5741
2020,5742
2021,5743
1964,5744
1953,5745
2009,5748
1964,5749
1964,5750
1680,5761
1663,5765
1964,5766
1815,5767
2024,5768
1623,5769
1670,5771
1876,5772
2026,5773
1764,5774
1778,5775
2027,5776
2028,5777
1832,5780
1623,5786
1984,5787
2036,5794
1759,5798
2038,5799
1691,5801
1832,5805
1617,5807
272,5811
2042,5814
131,5815
132,5816
2044,5829
185,5830
186,5831
2045,5833
2046,5834
617,5835
588,5836
214,5840
1990,5845
1954,5851
2054,5858
2055,5859
1702,5863
1856,5864
2057,5865
1927,5886
2071,5887
2072,5888
1928,5892
2071,5897
1927,5899
2072,5900
12,5902
12,5903
12,5904
17,5905
12,5906
4685,5908
2079,5909
507,5912
186,5913
185,5914
185,5915
186,5916
33,5922
438,5923
190,5924
190,5925
2087,5929
185,5932
186,5933
185,5934
186,5935
186,5936
2089,5938
1477,5947
2094,5952
2095,5953
495,5954
849,5955
849,5956
214,5957
12,5958
12,5959
12,5960
12,5961
12,5962
1080,5964
966,5965
2097,5966
1160,5967
2098,5968
1535,5969
2099,5970
579,5971
2100,5972
2101,5973
2102,5974
2103,5975
2105,5977
297,5978
296,5979
662,5980
302,5981
302,5982
302,5983
302,5984
302,5985
302,5986
416,5987
2106,5988
2106,5989
2109,5992
2111,5994
2116,6000
607,6001
607,6002
967,6003
967,6004
986,6005
34,6006
294,6019
1652,6027
198,6034
495,6042
495,6043
17,6044
12,6045
17,6046
17,6047
1260,6049
1710,6059
2140,6060
1737,6061
2141,6062
2159,6091
2162,6096
2163,6098
779,6099
1252,6100
2861,6101
2165,6102
778,6103
2166,6106
2168,6108
1919,6109
2169,6110
2170,6111
1843,6112
1762,6114
1846,6115
1680,6116
1652,6119
1964,6121
2172,6122
12,6123
12,6124
1664,6131
1652,6167
849,6170
849,6171
2204,6174
12,6178
559,6179
17,6180
973,6181
2206,6182
33,6183
133,6184
2207,6186
307,6188
307,6189
4742,6190
5416,6191
4373,6192
4431,6193
4431,6194
4373,6196
105,6198
106,6199
4550,6200
1680,6201
107,6202
107,6203
107,6204
107,6206
104,6207
4381,6208
104,6209
4875,6210
104,6211
104,6213
4431,6214
4376,6215
4730,6216
4837,6217
4839,6218
4719,6219
1680,6221
1615,6222
1815,6223
4431,6232
4680,6233
4373,6234
4373,6235
4714,6236
4550,6237
4835,6238
4680,6239
4873,6240
4730,6241
4662,6242
4875,6243
4555,6244
4719,6245
4553,6246
4730,6247
4836,6250
4837,6251
4376,6252
4381,6253
4556,6254
4678,6255
4664,6256
5238,6257
4683,6258
2233,6259
169,6260
1275,6261
4174,6262
208,6263
332,6264
2236,6266
4555,6267
2237,6268
4376,6270
214,6271
2162,6273
4719,6274
5804,6275
4431,6282
4373,6285
2240,6287
1631,6289
1815,6290
77,6292
77,6293
77,6294
77,6295
5162,6296
307,6297
307,6298
307,6299
307,6300
307,6301
395,6302
395,6303
395,6304
395,6305
395,6306
395,6307
4714,6308
4376,6309
4833,6310
2244,6311
1425,6312
887,6314
214,6315
79,6316
588,6317
148,6319
81,6320
81,6322
421,6323
2246,6329
2244,6335
2248,6336
2249,6337
185,6341
2244,6342
186,6343
1663,6352
307,6362
77,6363
307,6375
1564,6376
66,6377
2260,6380
2260,6381
2261,6382
1252,6391
2266,6392
2267,6393
2268,6394
2269,6396
2102,6400
2101,6401
2271,6402
2271,6403
2273,6408
808,6409
1623,6416
1904,6417
1741,6428
58,6439
696,6441
2284,6442
2720,6446
2289,6450
2289,6453
2293,6463
1663,6468
2294,6469
779,6473
779,6474
779,6475
4215,6484
1832,6503
2304,6504
1713,6505
2305,6506
1735,6507
1990,6509
2308,6510
1790,6511
1677,6512
1838,6513
1951,6514
1822,6516
2310,6518
1623,6519
1615,6520
1702,6522
1745,6523
2312,6525
2320,6546
1964,6547
1631,6548
2321,6549
1635,6550
1778,6551
1669,6552
2322,6553
1617,6554
1964,6557
415,6567
1251,6568
415,6569
1677,6573
1804,6574
1799,6576
1838,6577
1810,6579
1621,6581
1791,6582
1680,6583
1649,6584
1650,6585
1615,6587
1792,6588
1763,6589
1811,6590
1660,6592
1684,6593
1800,6595
1686,6596
2801,6597
2312,6599
1921,6600
1639,6601
1672,6602
2328,6603
1833,6604
1790,6605
2453,6606
1719,6607
1645,6608
1658,6609
1951,6610
1621,6612
1614,6613
1680,6614
1700,6615
1650,6616
1955,6617
1623,6618
1615,6619
2331,6620
1808,6621
2332,6622
1686,6623
818,6624
1814,6625
1815,6626
1816,6627
817,6628
1664,6644
2341,6654
1663,6661
1664,6662
1747,6696
1664,6710
2361,6723
2362,6724
1664,6728
1832,6742
1663,6789
1664,6791
1832,6860
1964,6862
1664,6890
1674,6905
2426,6907
2313,6915
2434,6918
1721,6925
779,6930
220,6933
17,6937
12,6938
559,6939
12,6940
559,6941
4447,6950
4241,6952
1594,6955
94,6959
2443,6960
2445,6964
559,6965
17,6966
2448,6969
4664,6970
4673,6971
12,6975
531,6976
1547,6977
4376,6978
4898,6979
4829,6980
4886,6981
4730,6982
4901,6983
4675,6984
4680,6985
4673,6986
4721,6987
4683,6988
4556,6989
4373,6990
4431,6991
4550,6992
4555,6993
4662,6994
4664,6995
2244,6996
2248,6997
2249,6998
5243,6999
1624,7004
1845,7005
3083,7007
2454,7008
2455,7009
2456,7010
2455,7011
2459,7016
2454,7017
5152,7018
5152,7019
5074,7020
2460,7021
438,7024
531,7028
4714,7029
4376,7030
4833,7031
5238,7033
4723,7034
4680,7035
4678,7036
4556,7037
4373,7038
4431,7039
4550,7040
4555,7041
4662,7042
4664,7043
4714,7044
4376,7045
4833,7046
593,7056
1595,7066
2441,7068
1595,7069
1598,7070
2486,7096
896,7107
853,7114
117,7115
1604,7116
2454,7124
2454,7125
531,7128
2301,7134
1622,7141
2507,7147
614,7148
2513,7155
12,7156
12,7157
395,7158
395,7159
117,7161
2517,7173
307,7185
220,7188
2521,7189
644,7190
12,7191
2523,7192
614,7193
2524,7194
201,7195
614,7199
614,7200
2528,7203
2529,7208
2532,7212
2517,7215
5318,7220
2540,7227
2532,7238
2547,7241
263,7246
2550,7248
2550,7249
3394,7251
2551,7253
2547,7254
2530,7257
12,7260
5201,7261
12,7264
320,7272
185,7274
185,7275
186,7276
641,7278
2562,7282
515,7283
495,7284
495,7285
495,7286
17,7287
2564,7288
2565,7289
2566,7290
2566,7291
2551,7292
415,7293
2573,7299
2573,7300
302,7302
614,7312
307,7313
2079,7314
103,7315
5299,7316
5288,7318
614,7319
4685,7329
2587,7331
614,7337
17,7355
495,7361
495,7362
4432,7363
200,7365
200,7366
55,7369
1237,7370
565,7375
570,7378
1237,7379
2612,7380
55,7382
2613,7383
131,7384
132,7385
1466,7392
1458,7393
946,7395
952,7397
1467,7401
614,7402
200,7404
964,7413
1237,7414
5469,7415
1241,7416
1241,7417
779,7418
2861,7419
2165,7420
813,7421
805,7422
122,7430
550,7444
2618,7446
641,7447
569,7449
665,7451
1567,7463
65,7465
5296,7468
622,7480
2638,7481
5429,7483
583,7487
263,7488
2054,7492
2641,7493
779,7496
2643,7498
117,7525
896,7527
1040,7528
117,7529
122,7530
890,7531
200,7532
5076,7538
5817,7540
200,7541
2098,7552
2098,7553
2098,7554
607,7556
2662,7559
805,7566
78,7572
12,7583
133,7586
133,7587
2289,7601
707,7610
12,7612
1172,7614
11,7616
11,7629
2689,7630
2691,7634
2695,7635
2653,7636
302,7638
320,7642
320,7643
1617,7645
302,7647
2551,7651
2547,7655
2715,7671
2716,7672
2717,7673
2718,7674
2719,7675
5411,7677
2547,7694
2728,7696
2729,7697
2729,7698
2730,7699
2730,7700
2731,7702
567,7704
2732,7705
2733,7706
2734,7707
113,7710
2740,7724
641,7725
566,7726
5640,7728
2663,7730
2547,7744
2752,7763
2753,7765
4951,7766
4730,7767
4742,7768
4556,7769
4873,7770
4662,7771
4743,7772
4744,7773
4838,7774
4876,7775
4875,7776
4373,7777
4373,7778
4373,7779
4373,7780
4729,7781
2550,7783
2761,7784
2762,7787
2763,7793
320,7796
320,7797
25,7798
598,7800
2911,7801
302,7807
263,7811
234,7812
2765,7813
2766,7814
234,7815
2765,7816
2766,7817
2767,7818
4725,7820
4834,7822
4683,7823
4662,7825
4877,7826
2774,7833
1,7838
4376,7839
4556,7841
4742,7842
4381,7843
4742,7844
4381,7845
4873,7846
4873,7847
5115,7848
4719,7849
4662,7850
392,7852
4555,7853
2281,7855
234,7862
2765,7863
2766,7864
5725,7869
2785,7871
2786,7874
2786,7875
2798,7888
1712,7889
1873,7890
1622,7891
2799,7892
1631,7893
2965,7894
1650,7895
2787,7898
2788,7899
2789,7900
2790,7901
2792,7903
2794,7905
2795,7906
2796,7907
2798,7909
2792,7910
2788,7911
2798,7913
2804,7915
2805,7916
2806,7917
2807,7918
2808,7919
2809,7920
2788,7923
2796,7924
2795,7925
2790,7926
2789,7927
2798,7928
2787,7929
2792,7930
2562,7933
1181,7935
881,7936
624,7941
4746,7942
4888,7943
4891,7945
5241,7946
4550,7947
4903,7948
4550,7949
4890,7950
2775,7955
2780,7956
2828,7962
2761,7965
2761,7967
703,7981
5190,7983
550,7986
2813,7988
2840,7990
2841,7991
2842,7992
779,7993
779,7994
2844,7996
2843,7997
2845,7998
2846,7999
4664,8002
103,8007
104,8008
1125,8009
1208,8011
214,8012
103,8013
103,8016
104,8017
104,8018
1125,8019
1208,8020
214,8022
2861,8042
2870,8063
218,8065
2871,8067
4678,8090
4721,8091
4833,8092
2878,8093
2248,8094
2715,8095
2729,8096
2728,8097
2717,8099
2530,8100
2729,8101
2728,8102
2530,8103
2843,8104
2730,8105
2880,8106
2880,8108
104,8112
20,8115
4685,8173
5239,8177
1208,8183
2829,8185
2901,8193
2901,8194
5535,8195
5537,8196
1990,8215
2001,8218
1680,8222
2532,8233
531,8260
2923,8265
212,8267
212,8271
214,8274
214,8275
5803,8276
214,8278
214,8279
2901,8313
2276,8321
433,8330
779,8332
2939,8336
2939,8337
2939,8338
2939,8339
2939,8340
2940,8341
2940,8342
222,8347
2944,8351
65,8360
107,8364
75,8367
5250,8374
2951,8375
2951,8376
1623,8469
1652,8491
2628,8504
178,8505
12,8506
12,8507
5115,8508
4376,8509
5191,8510
608,8517
1276,8518
307,8536
104,8547
107,8548
905,8549
3009,8599
1623,8605
1701,8606
1726,8607
3012,8608
4548,8627
4548,8628
624,8642
1964,8651
1623,8652
3027,8653
2939,8654
495,8657
1208,8662
1209,8663
307,8705
214,8706
285,8707
1778,8771
332,8773
3069,8840
2829,8841
186,8842
320,8847
1595,8850
1598,8851
1595,8852
624,8853
624,8854
624,8855
641,8856
566,8857
3070,8858
3071,8862
778,8865
3072,8868
1252,8878
2277,8881
2455,8885
2456,8886
1252,8900
1252,8901
1252,8902
1252,8903
1252,8904
779,8917
55,8923
55,8924
779,8930
779,8931
423,8933
614,8943
614,8944
1280,8945
2276,8946
1623,8968
1964,8969
1631,8970
1713,8971
1778,8972
1636,8973
1842,8985
1621,8988
1648,8989
1700,8990
1623,8991
1615,8992
1624,8993
2058,8994
3113,8995
2384,8996
3114,8997
1674,8998
3115,8999
3116,9000
3120,9011
3121,9012
12,9018
2058,9020
5251,9021
1733,9067
2448,9073
2529,9074
2550,9075
3137,9076
3138,9077
3139,9078
3140,9079
3141,9080
4555,9083
4873,9084
3149,9131
2529,9148
3138,9149
2529,9150
3138,9151
3138,9152
3141,9153
3156,9158
3156,9159
3156,9160
3156,9161
2550,9162
2550,9163
2550,9164
2550,9165
2550,9166
2550,9167
2550,9168
2550,9169
12,9170
2448,9171
2547,9177
2547,9178
3137,9211
3167,9212
2550,9213
3168,9215
3169,9216
4244,9219
1487,9220
3172,9221
1420,9223
1419,9224
1423,9225
5,9228
3177,9239
3181,9244
3186,9285
1088,9286
3205,9325
3206,9326
3209,9330
3210,9331
3211,9332
3212,9333
3213,9334
3214,9335
3215,9336
3217,9338
3218,9339
30,9360
3227,9361
3156,9362
3232,9377
3239,9404
165,9412
3249,9420
3250,9421
3241,9427
78,9431
1036,9451
1037,9452
1038,9453
2581,9479
1017,9496
3287,9502
2858,9517
3958,9518
2858,9519
3958,9520
3232,9521
2535,9522
3247,9526
3300,9527
2901,9532
1614,9537
1615,9538
1631,9539
1680,9540
1672,9541
1845,9542
3305,9543
2684,9546
358,9547
3306,9551
3307,9556
3325,9574
2684,9583
3332,9584
1252,9588
3333,9589
3336,9592
4177,9593
1281,9594
271,9632
271,9633
44,9697
3605,9709
2466,9720
302,9778
2841,9787
1260,9788
1272,9789
3447,9805
3448,9806
3449,9807
3450,9808
3451,9809
12,9851
3475,9868
3490,9883
3511,9945
3512,9946
3513,9947
3490,9978
3071,9993
1594,10011
3529,10012
2156,10013
2852,10014
3530,10015
5725,10016
3534,10031
3535,10032
3536,10033
3537,10034
3538,10035
3552,10059
971,10066
116,10074
3556,10077
797,10079
5161,10093
2861,10094
1252,10095
3568,10096
3569,10097
3570,10098
2269,10099
3120,10111
3121,10112
3584,10126
3595,10137
3128,10138
561,10139
2723,10140
2282,10142
1231,10143
59,10144
3596,10145
2282,10146
3598,10150
1254,10170
3609,10171
3611,10176
1732,10177
3612,10178
3613,10179
425,10180
2058,10188
5867,10193
3628,10215
3629,10216
3630,10217
3631,10218
3632,10219
3633,10220
1067,10222
3635,10223
3636,10224
3637,10225
3638,10226
3639,10227
3640,10228
3641,10229
1029,10230
3642,10231
1024,10232
1023,10233
3643,10234
3644,10235
3645,10236
1603,10237
3646,10238
3647,10239
3648,10240
3649,10241
3650,10242
3651,10243
3652,10244
3653,10245
3654,10246
1057,10247
3655,10248
3656,10249
2646,10250
1038,10251
1034,10252
853,10253
1010,10254
3657,10255
121,10256
3658,10257
3659,10258
3660,10259
1018,10260
118,10261
3662,10264
3663,10265
3664,10266
3665,10267
3666,10268
3269,10269
889,10270
3667,10271
3668,10272
3669,10273
3829,10278
2841,10314
511,10325
3868,10326
3869,10327
687,10337
4668,10338
321,10352
2279,10353
2277,10354
1308,10355
3027,10360
3027,10361
3027,10362
3886,10367
3563,10377
3887,10378
4167,10379
3881,10380
1308,10381
3889,10382
2509,10392
1308,10393
2858,10394
3892,10400
3887,10401
3893,10402
2278,10416
4167,10419
4167,10420
4167,10483
4167,10484
1308,10493
779,10502
779,10504
4167,10506
4167,10507
4167,10508
3891,10513
116,10527
3970,10528
3971,10529
1056,10530
3258,10531
853,10532
1604,10540
3974,10541
3979,10554
3980,10555
3981,10556
898,10557
3982,10558
3635,10559
3983,10560
1603,10561
3990,10574
3642,10575
1027,10576
3991,10577
4167,10635
4167,10636
4167,10638
779,10717
4547,10800
4547,10801
4547,10802
4547,10804
3898,10839
779,10840
779,10841
58,10886
4547,10887
4110,10895
3027,10896
4121,10897
4121,10898
4175,10913
4150,10996
3958,11011
3958,11013
2079,11015
2079,11021
4169,11026
4179,11027
4180,11028
4182,11030
4183,11031
2289,11038
4190,11039
4197,11042
4198,11043
1588,11044
214,11064
4217,11065
2880,11085
2880,11086
4243,11089
3071,11090
4250,11093
2880,11095
4167,11099
4167,11100
3605,11107
4347,11108
4344,11109
4344,11110
4344,11111
4328,11113
4329,11114
4328,11115
495,11121
495,11122
2562,11123
415,11124
1251,11125
185,11136
186,11137
185,11138
186,11139
4336,11144
4337,11145
4338,11146
10,11147
4339,11148
4340,11149
4341,11150
4353,11158
65,11160
3071,11165
3071,11167
3071,11168
583,11176
131,11201
132,11202
185,11203
2633,11204
4386,11205
4387,11206
4388,11207
4389,11208
4390,11209
4391,11210
4393,11212
4395,11214
131,11216
132,11217
495,11218
4432,11219
4399,11220
2509,11222
707,11227
707,11228
4499,11229
4685,11230
1595,11233
1595,11234
17,11238
4432,11239
4432,11240
4432,11241
4409,11243
302,11249
905,11275
779,11276
779,11277
779,11279
779,11280
4482,11324
779,11343
779,11344
779,11345
1252,11346
4503,11347
4505,11348
1252,11349
4503,11350
4505,11351
4507,11353
1252,11354
4505,11355
4503,11356
4509,11357
4507,11358
4509,11359
2810,11405
2810,11406
2810,11407
4547,11423
4547,11424
4560,11428
4561,11429
4562,11430
4563,11431
4548,11432
4564,11437
4564,11438
4548,11440
4548,11441
4548,11442
3778,11443
5284,11445
5284,11447
4548,11448
4564,11449
4564,11450
4564,11451
1926,11480
5298,11508
5297,11509
4596,11515
4596,11516
4167,11517
2566,11519
4120,11526
4620,11527
4620,11528
3490,11530
3490,11531
3490,11532
3598,11533
4747,11534
4747,11535
4622,11536
4622,11537
4622,11538
4747,11539
4645,11565
4646,11566
4646,11567
4645,11568
778,11574
778,11575
1252,11576
1252,11577
1252,11578
4547,11581
2901,11582
2901,11583
2901,11585
2901,11587
2901,11588
4547,11589
5256,11590
5801,11591
5801,11592
5801,11593
3121,11594
3121,11595
4659,11598
4660,11599
4668,11603
4669,11604
4670,11605
3598,11606
2532,11613
2551,11615
3138,11619
2532,11621
2223,11622
1252,11650
78,11652
4716,11653
4716,11654
4750,11665
4409,11666
2492,11667
302,11668
4706,11669
4707,11670
5222,11671
12,11672
4709,11673
208,11674
2526,11676
4733,11677
307,11678
307,11679
4715,11681
4622,11682
3598,11683
2455,11684
2456,11685
2456,11686
2455,11687
36,11688
36,11689
44,11690
4470,11691
2861,11692
4748,11696
5038,11697
5039,11698
4894,11699
3598,11701
5257,11702
2861,11703
3333,11704
3333,11705
3333,11706
4756,11708
222,11709
4800,11717
4800,11719
113,11723
2841,11729
662,11731
5390,11739
3333,11744
3333,11746
3333,11747
3333,11748
4470,11751
4780,11752
4783,11753
1278,11754
4852,11755
4853,11756
4854,11757
4855,11758
4856,11759
4857,11760
4467,11761
4464,11762
4858,11763
410,11764
2723,11765
4217,11769
12,11770
4800,11771
4800,11772
4217,11773
4218,11774
5040,11775
4218,11776
4218,11777
4218,11778
4878,11779
4878,11780
4878,11781
5283,11782
5283,11783
5283,11784
4880,11785
4882,11789
4218,11790
427,11791
427,11792
427,11793
779,11848
2639,11849
4931,11850
3333,11851
4932,11852
779,11853
3027,11854
2639,11855
4476,11856
779,11857
4167,11859
572,11860
2861,11861
572,11862
113,11867
4938,11873
1608,11874
4938,11875
113,11876
4939,11877
2995,11878
2995,11879
2995,11880
2995,11881
2995,11882
2499,11884
2499,11885
2499,11886
2499,11887
4952,11888
4953,11889
4954,11890
3120,12003
3120,12004
3120,12005
5151,12009
495,12012
849,12013
707,12014
4432,12015
4453,12016
723,12017
723,12019
5065,12020
5071,12027
5077,12028
222,12029
5875,12030
5106,12031
903,12034
5113,12035
5119,12037
5120,12038
5117,12042
5149,12045
1,12046
1,12047
1,12048
5152,12049
5151,12050
5151,12051
5113,12053
4424,12056
5154,12057
5154,12058
5154,12059
5155,12060
5155,12061
5155,12062
78,12063
5163,12071
5287,12075
5187,12077
5187,12078
5187,12079
5117,12083
1,12087
1,12088
1,12089
1,12090
5195,12091
5195,12092
5195,12093
5152,12099
1254,12120
444,12122
5217,12123
5217,12125
5217,12127
5218,12128
5218,12129
5218,12130
4432,12131
2639,12140
5233,12142
367,12143
5267,12153
5267,12154
5267,12155
4432,12156
1598,12157
4644,12158
12,12161
12,12162
5334,12169
5334,12170
5334,12171
29,12172
29,12173
29,12174
5292,12176
5292,12178
5292,12199
29,12200
2529,12218
29,12231
5151,12237
5151,12238
5151,12239
5335,12243
5335,12244
5335,12245
2162,12246
2162,12247
5360,12248
5360,12249
5360,12250
5360,12251
5328,12252
5326,12253
5326,12254
5326,12255
2445,12256
5305,12257
358,12258
358,12259
2985,12260
2985,12261
2985,12262
78,12264
2445,12287
108,12288
108,12289
108,12292
3009,12293
4666,12321
4666,12322
4666,12323
5382,12325
5383,12326
3527,12327
3527,12328
3527,12332
108,12333
108,12334
5382,12335
5384,12336
5384,12337
5422,12360
5422,12369
2079,12370
2079,12371
2079,12372
3009,12374
3009,12375
5423,12377
5423,12378
5423,12379
5423,12380
5427,12381
5427,12382
5427,12383
5437,12389
5438,12390
5439,12391
3822,12393
3822,12394
3822,12395
3822,12396
5442,12397
5448,12399
5448,12400
5448,12401
5447,12403
5452,12405
5452,12406
4343,12408
2675,12413
2675,12414
2675,12415
2841,12416
2841,12417
2841,12418
703,12430
703,12431
5475,12440
5475,12442
358,12463
358,12464
358,12465
5475,12466
263,12469
2675,12473
2675,12474
2675,12475
263,12478
263,12479
263,12486
263,12487
3007,12494
3007,12495
263,12497
263,12498
263,12503
263,12505
696,12514
687,12516
5545,12517
5545,12518
5545,12519
5545,12520
4620,12521
438,12522
438,12523
1,12526
662,12530
5556,12533
5618,12534
5563,12535
5567,12536
5574,12537
5581,12538
5583,12539
5588,12540
263,12542
5622,12545
550,12546
263,12547
481,12555
5601,12557
5600,12558
5613,12560
5118,12561
5118,12562
5606,12563
4463,12564
3120,12568
5614,12573
5117,12574
5386,12575
5117,12578
2454,12585
5117,12586
5117,12587
5117,12588
1,12589
4669,12590
4669,12591
5117,12594
5626,12597
113,12598
5317,12601
5627,12602
5117,12614
5782,12623
5691,12630
5687,12631
5688,12632
5787,12633
5690,12634
5328,12652
3598,12690
3598,12691
4670,12692
4670,12693
3807,12695
4646,12699
4424,12708
113,12709
113,12711
707,12718
5796,12724
4646,12727
4646,12731
5814,12732
5820,12735
5820,12738
5820,12740
2294,12749
2294,12750
5835,12752
5189,12753
5189,12754
5189,12755
5117,12760
187,12761
187,12762
4409,12763
4409,12764
4409,12765
4409,12766
4409,12767
17,12769
5888,12779
5117,12798
5117,12799
113,12800
5858,12801
5858,12802
5856,12803
113,12805
5861,12807
5862,12808
5858,12809
5865,12810
5384,12816
5117,12822
5868,12823
5872,12825
5872,12826
5872,12827
5384,12828
2923,12829
2923,12830
5880,12838
5117,12850
5117,12851
5883,12852
5883,12853
5883,12855
5887,12867
5887,12868
5887,12869
4645,12870
4645,12871
4343,12875
4343,12876
5549,12918
5906,12919
5909,12926
5908,12927
5908,12929
5908,12931
5927,12946
4236,100000
4236,100001
4236,100002
4236,100003
4236,100004
4236,100005
200000,100006
200000,100007
200000,100008
200000,100009
200000,100010
200000,100011
200000,100012
200000,100013
200000,100014
200000,100015
200002,100016
