claim_id,claim_domain,claim_type,parent_id,prior_status,new_status,parent_publications,claim_source_ids_before,claim_source_ids_after,source_unit_id_before,source_unit_id_after,locator_before,locator_after,rule,reason,confidence,ambiguous_source_count,bucket_score_before_after
CLM-1d3ba8b6ae49232969c7,therapeutic,atomic_intervention_claim,GEP-a49c49f450628b94e307,PARENT_ONLY,PARENT_PUBLICATION_AVAILABLE,PUBMED:30420614,,,,,[],[],PARENT_PUBLICATION_ONLY,One parent publication is available without claim-specific mapping.,high,0,case_01:primary:108.0=case_01:primary:108.0|case_02:rejected:0.0=case_02:rejected:0.0|case_03:rejected:0.0=case_03:rejected:0.0|case_04:rejected:0.0=case_04:rejected:0.0
CLM-0f234bc9c53847910521,therapeutic,atomic_intervention_claim,GEP-e85a4cca147f64591ac6,PARENT_ONLY,AMBIGUOUS_PARENT_PROVENANCE,PUBMED:24736079|PUBMED:27130468|PUBMED:27432227|PUBMED:29373100|PUBMED:29376144|PUBMED:29650534,,,,,[],[],PARENT_HAS_MULTIPLE_PUBLICATIONS,Multiple parent publications have no claim-specific mapping.,high,6,case_01:rejected:0.0=case_01:rejected:0.0|case_02:primary:108.0=case_02:primary:108.0|case_03:rejected:0.0=case_03:rejected:0.0|case_04:rejected:0.0=case_04:rejected:0.0
CLM-1ee5f9a16a678cebf993,therapeutic,atomic_intervention_claim,GEP-d1fd81616ff16e60d884,PARENT_ONLY,PARENT_PUBLICATION_AVAILABLE,PUBMED:24893891,,,,,[],[],PARENT_PUBLICATION_ONLY,One parent publication is available without claim-specific mapping.,high,0,case_01:rejected:0.0=case_01:rejected:0.0|case_02:rejected:0.0=case_02:rejected:0.0|case_03:primary:108.0=case_03:primary:108.0|case_04:rejected:0.0=case_04:rejected:0.0
CLM-382985ec558808784e70,therapeutic,atomic_intervention_claim,GEP-0d4f2ac1784f2bf98fb0,PARENT_ONLY,PARENT_PUBLICATION_AVAILABLE,PUBMED:32955177,,,,,[],[],PARENT_PUBLICATION_ONLY,One parent publication is available without claim-specific mapping.,high,0,case_01:rejected:0.0=case_01:rejected:0.0|case_02:rejected:0.0=case_02:rejected:0.0|case_03:primary:108.0=case_03:primary:108.0|case_04:rejected:0.0=case_04:rejected:0.0
CLM-d4bee44e07efb6ccca9f,therapeutic,atomic_intervention_claim,GEP-3ac81542eaab9340c7f6,PARENT_ONLY,PARENT_PUBLICATION_AVAILABLE,PUBMED:37937763,,,,,[],[],PARENT_PUBLICATION_ONLY,One parent publication is available without claim-specific mapping.,high,0,case_01:rejected:0.0=case_01:rejected:0.0|case_02:rejected:0.0=case_02:rejected:0.0|case_03:primary:108.0=case_03:primary:108.0|case_04:rejected:0.0=case_04:rejected:0.0
CLM-e565f65d73cb1d4aa67b,therapeutic,atomic_intervention_claim,GEP-5f6e4a0e89277128ca53,PARENT_ONLY,PARENT_PUBLICATION_AVAILABLE,PUBMED:15329413,,,,,[],[],PARENT_PUBLICATION_ONLY,One parent publication is available without claim-specific mapping.,high,0,case_01:rejected:0.0=case_01:rejected:0.0|case_02:rejected:0.0=case_02:rejected:0.0|case_03:rejected:0.0=case_03:rejected:0.0|case_04:rejected:0.0=case_04:rejected:0.0
CLM-0269a5c7db107cd8a893,therapeutic,atomic_intervention_claim,GEP-7bf7f440f0ecb4d376a3,PARENT_ONLY,PARENT_PUBLICATION_AVAILABLE,PUBMED:24893891,,,,,[],[],PARENT_PUBLICATION_ONLY,One parent publication is available without claim-specific mapping.,high,0,case_01:rejected:0.0=case_01:rejected:0.0|case_02:rejected:0.0=case_02:rejected:0.0|case_03:rejected:0.0=case_03:rejected:0.0|case_04:rejected:0.0=case_04:rejected:0.0
CLM-6016e0878e055658200e,therapeutic,atomic_intervention_claim,GEP-63c7f92674ee1dc763f0,PARENT_ONLY,PARENT_PUBLICATION_AVAILABLE,DOI:10.1182/blood-2022-163099,,,,,[],[],PARENT_PUBLICATION_ONLY,One parent publication is available without claim-specific mapping.,high,0,case_01:rejected:0.0=case_01:rejected:0.0|case_02:rejected:0.0=case_02:rejected:0.0|case_03:rejected:0.0=case_03:rejected:0.0|case_04:rejected:0.0=case_04:rejected:0.0
CLM-0e59264facd7b2df0e67,therapeutic,atomic_intervention_claim,GEP-b00b74970f6f903b92af,VERIFIED_LOCATOR,CLAIM_VERIFIED_LOCATOR,PUBMED:25393796,PMID:25393796,PMID:25393796,SU-25393796-patient-eml4-alk-i1171s,SU-25393796-patient-eml4-alk-i1171s,"[{""source_id"": ""PMID:25393796"", ""text"": ""abstract, clausola sulla resistenza acquisita ad alectinib, paziente con EML4-ALK variante 3a/b""}]","[{""source_id"": ""PMID:25393796"", ""text"": ""abstract, clausola sulla resistenza acquisita ad alectinib, paziente con EML4-ALK variante 3a/b""}]",EXISTING_CLAIM_MAPPING,Claim already contains source unit and locator.,high,0,case_01:rejected:0.0=case_01:rejected:0.0|case_02:rejected:0.0=case_02:rejected:0.0|case_03:rejected:0.0=case_03:rejected:0.0|case_04:rejected:0.0=case_04:rejected:0.0
CLM-5ce532268b4aa1661311,therapeutic,atomic_intervention_claim,GEP-93cad24e63b228b720bb,VERIFIED_LOCATOR,CLAIM_VERIFIED_LOCATOR,PUBMED:26698910,PMID:26698910,PMID:26698910,SU-26698910-patient-c1156y-crizotinib-first-line|SU-26698910-patient-c1156y-crizotinib-rechallenge,SU-26698910-patient-c1156y-crizotinib-first-line|SU-26698910-patient-c1156y-crizotinib-rechallenge,"[{""source_id"": ""PMID:26698910"", ""text"": ""full_text, Case Report, biopsia del linfonodo in progressione durante crizotinib con riscontro di ALK C1156Y""}]","[{""source_id"": ""PMID:26698910"", ""text"": ""full_text, Case Report, biopsia del linfonodo in progressione durante crizotinib con riscontro di ALK C1156Y""}]",EXISTING_CLAIM_MAPPING,Claim already contains source unit and locator.,high,0,case_01:rejected:0.0=case_01:rejected:0.0|case_02:rejected:0.0=case_02:rejected:0.0|case_03:rejected:0.0=case_03:rejected:0.0|case_04:rejected:0.0=case_04:rejected:0.0
CLM-4ffe85304f3ef5533b58,therapeutic,aggregate_intervention_claim,GEP-4be33662c8244659895a,VERIFIED_LOCATOR,CLAIM_VERIFIED_LOCATOR,PUBMED:24457318,PMID:24457318,PMID:24457318,SU-24457318-cohort-egfr-tki,SU-24457318-cohort-egfr-tki,"[{""source_id"": ""PMID:24457318"", ""text"": ""abstract, coorte retrospettiva di 70 pazienti trattati con EGFR-TKI""}]","[{""source_id"": ""PMID:24457318"", ""text"": ""abstract, coorte retrospettiva di 70 pazienti trattati con EGFR-TKI""}]",EXISTING_CLAIM_MAPPING,Claim already contains source unit and locator.,high,0,case_01:rejected:0.0=case_01:rejected:0.0|case_02:rejected:0.0=case_02:rejected:0.0|case_03:audit:0.0=case_03:audit:0.0|case_04:rejected:0.0=case_04:rejected:0.0
CLM-5071bb2d8657ac0fbed0,therapeutic,aggregate_intervention_claim,GEP-ee90f3e190e6ca617027,VERIFIED_LOCATOR,CLAIM_VERIFIED_LOCATOR,PUBMED:24122810,PMID:24122810,PMID:24122810,SU-24122810-nih3t3-fgfr-inhibitor-assay,SU-24122810-nih3t3-fgfr-inhibitor-assay,"[{""source_id"": ""PMID:24122810"", ""text"": ""abstract, enunciato finale sulla soppressione della trasformazione, cellule NIH3T3""}]","[{""source_id"": ""PMID:24122810"", ""text"": ""abstract, enunciato finale sulla soppressione della trasformazione, cellule NIH3T3""}]",EXISTING_CLAIM_MAPPING,Claim already contains source unit and locator.,high,0,case_01:rejected:0.0=case_01:rejected:0.0|case_02:rejected:0.0=case_02:rejected:0.0|case_03:rejected:0.0=case_03:rejected:0.0|case_04:rejected:0.0=case_04:rejected:0.0
CLM-90e863f00f134fc3cd3d,therapeutic,aggregate_intervention_claim,GEP-d7085106bdd9a024ff4c,VERIFIED_LOCATOR,CLAIM_VERIFIED_LOCATOR,PUBMED:24122810,PMID:24122810,PMID:24122810,SU-24122810-nih3t3-fgfr-inhibitor-assay,SU-24122810-nih3t3-fgfr-inhibitor-assay,"[{""source_id"": ""PMID:24122810"", ""text"": ""abstract, enunciato finale sulla soppressione della trasformazione, cellule NIH3T3""}]","[{""source_id"": ""PMID:24122810"", ""text"": ""abstract, enunciato finale sulla soppressione della trasformazione, cellule NIH3T3""}]",EXISTING_CLAIM_MAPPING,Claim already contains source unit and locator.,high,0,case_01:rejected:0.0=case_01:rejected:0.0|case_02:rejected:0.0=case_02:rejected:0.0|case_03:rejected:0.0=case_03:rejected:0.0|case_04:rejected:0.0=case_04:rejected:0.0
CLM-8941c177da91f66ff93a,diagnostic,diagnostic_claim,GEP-f73a180a63fd22932198,VERIFIED_LOCATOR,CLAIM_VERIFIED_LOCATOR,PUBMED:24122810,PMID:24122810|PMID:24122810|PMID:24122810|PMID:24122810,PMID:24122810|PMID:24122810|PMID:24122810|PMID:24122810,PU-PMID-24122810-cohort-1,PU-PMID-24122810-cohort-1,"[{""abstract_sentence"": 2, ""section"": ""UNLABELLED"", ""source_id"": ""PMID:24122810""}, {""abstract_sentence"": 3, ""section"": ""UNLABELLED"", ""source_id"": ""PMID:24122810""}, {""abstract_sentence"": 4, ""section"": ""UNLABELLED"", ""source_id"": ""PMID:24122810""}, {""abstract_sentence"": 0, ""section"": ""CONCLUSION"", ""source_id"": ""PMID:24122810""}]","[{""abstract_sentence"": 2, ""section"": ""UNLABELLED"", ""source_id"": ""PMID:24122810""}, {""abstract_sentence"": 3, ""section"": ""UNLABELLED"", ""source_id"": ""PMID:24122810""}, {""abstract_sentence"": 4, ""section"": ""UNLABELLED"", ""source_id"": ""PMID:24122810""}, {""abstract_sentence"": 0, ""section"": ""CONCLUSION"", ""source_id"": ""PMID:24122810""}]",EXISTING_CLAIM_MAPPING,Claim already contains source unit and locator.,high,0,case_01:rejected:0.0=case_01:rejected:0.0|case_02:rejected:0.0=case_02:rejected:0.0|case_03:rejected:0.0=case_03:rejected:0.0|case_04:rejected:0.0=case_04:rejected:0.0
CLM-1fc4af943701d57d45ad,therapeutic,atomic_intervention_claim,GEP-9f38bf2be2084b5a0a98,VERIFIED_LOCATOR,CLAIM_VERIFIED_LOCATOR,PUBMED:24736073,PMID:24736073,PMID:24736073,SU-24736073-group-gefitinib,SU-24736073-group-gefitinib,"[{""source_id"": ""PMID:24736073"", ""text"": ""abstract, frase dei risultati, gruppo trattato con gefitinib (n = 228)""}]","[{""source_id"": ""PMID:24736073"", ""text"": ""abstract, frase dei risultati, gruppo trattato con gefitinib (n = 228)""}]",EXISTING_CLAIM_MAPPING,Claim already contains source unit and locator.,high,0,case_01:rejected:0.0=case_01:rejected:0.0|case_02:rejected:0.0=case_02:rejected:0.0|case_03:rejected:0.0=case_03:rejected:0.0|case_04:rejected:0.0=case_04:rejected:0.0
CLM-89ea67ee7946d9ccd552,therapeutic,atomic_intervention_claim,GEP-9f38bf2be2084b5a0a98,VERIFIED_LOCATOR,CLAIM_VERIFIED_LOCATOR,PUBMED:24736073,PMID:24736073,PMID:24736073,SU-24736073-group-erlotinib,SU-24736073-group-erlotinib,"[{""source_id"": ""PMID:24736073"", ""text"": ""abstract, frase dei risultati, gruppo trattato con erlotinib (n = 147)""}]","[{""source_id"": ""PMID:24736073"", ""text"": ""abstract, frase dei risultati, gruppo trattato con erlotinib (n = 147)""}]",EXISTING_CLAIM_MAPPING,Claim already contains source unit and locator.,high,0,case_01:rejected:0.0=case_01:rejected:0.0|case_02:rejected:0.0=case_02:rejected:0.0|case_03:rejected:0.0=case_03:rejected:0.0|case_04:rejected:0.0=case_04:rejected:0.0
CLM-091cf6602db85e2a2d41,therapeutic,atomic_intervention_claim,GEP-471b69f0462af2167d70,VERIFIED_LOCATOR,CLAIM_VERIFIED_LOCATOR,PUBMED:24550739,PMID:24550739,PMID:24550739,SU-24550739-patient-tacc3-ponatinib-line,SU-24550739-patient-tacc3-ponatinib-line,"[{""source_id"": ""PMID:24550739"", ""text"": ""abstract, frase sulla linea con ponatinib dopo progressione su pazopanib""}]","[{""source_id"": ""PMID:24550739"", ""text"": ""abstract, frase sulla linea con ponatinib dopo progressione su pazopanib""}]",EXISTING_CLAIM_MAPPING,Claim already contains source unit and locator.,high,0,case_01:rejected:0.0=case_01:rejected:0.0|case_02:rejected:0.0=case_02:rejected:0.0|case_03:rejected:0.0=case_03:rejected:0.0|case_04:rejected:0.0=case_04:rejected:0.0
CLM-4a89bb28592af7ebaccf,therapeutic,regimen_claim,GEP-5195aba56b65a5d59fa4,VERIFIED_LOCATOR,CLAIM_VERIFIED_LOCATOR,PUBMED:38942080,PMID:38942080,PMID:38942080,SU-38942080-arm-amivantamab-lazertinib,SU-38942080-arm-amivantamab-lazertinib,"[{""source_id"": ""PMID:38942080"", ""text"": ""abstract, braccio amivantamab-lazertinib contro osimertinib""}]","[{""source_id"": ""PMID:38942080"", ""text"": ""abstract, braccio amivantamab-lazertinib contro osimertinib""}]",EXISTING_CLAIM_MAPPING,Claim already contains source unit and locator.,high,0,case_01:rejected:0.0=case_01:rejected:0.0|case_02:rejected:0.0=case_02:rejected:0.0|case_03:rejected:0.0=case_03:rejected:0.0|case_04:rejected:0.0=case_04:rejected:0.0
